"","ts_value_id","ts_id","datetime","req_timestamp","ts_value","station_latitude","station_longitude","stationparameter_name","station_name","station_no","dataprovider","dataowner","significant","Portal_Bekken","Actuele.status"
"1",0,"01292393042"," 4 januari 2024 06:45",NA,0,50.765692201797,4.27977512945101,"H","Lot/Zenne","01L08_193","VMM","VMM","1","Dijlebekken","Normaal"
"2",2,"0487811010"," 4 januari 2024 07:15",NA,0,50.9162798032153,3.66773481614073,"H","Asper Opwaarts DVW/Bovenschelde","04OW098-OPW-1073","MOW-HIC","DVW-ARW","0","Boven-Scheldebekken","Normaal"
"3",3,"01226431042"," 4 januari 2024 07:02",NA,0,51.1745607387551,4.63418455963542,"H","Ranst/Bollaak","01KL10_311","VMM","provincie Antwerpen","","Netebekken","Normaal"
"4",4,"01122523042"," 4 januari 2024 07:02",NA,0,51.1217127060771,5.10282351274885,"H","Meerhout/Kleinbroekbeek","01L10_083","VMM","VMM","0","Netebekken","Normaal"
"5",6,"0193136042"," 4 januari 2024 07:02",NA,0,50.8760324771153,4.17616028773367,"H","Ternat/Steenvoordebeek","01L07_287","VMM","VMM","0","Denderbekken","Normaal"
"6",8,"0193708042"," 4 januari 2024 07:02",NA,0,50.9134227854483,2.74071549104612,"H","Oostvleteren/Poperingevaart","01L01_491","VMM","VMM","1","Ijzerbekken","Normaal"
"7",9,"0193628042"," 4 januari 2024 07:02",NA,0,51.1416465700902,3.13468805136656,"H","Zedelgem/Plaatsebeek","01L02_42L","VMM","VMM","1","Bekken Brugse polders","Normaal"
"8",10,"0488243010"," 4 januari 2024 07:15",NA,0,50.7902656588507,4.29329236320312,"H","Ruisbroek Sluis Afwaarts DVW/Kl Brussel-Charleroi","04KC-RUI-AFW-1095","MOW-HIC","DVW-ARC","0","Dijlebekken","Normaal"
"9",12,"04123831010"," 4 januari 2024 07:15",NA,0,50.748972535752,3.41179002295988,"H","Bossuit Opwaarts DVW/Bovenschelde","04WW003-OPW-1073","MOW-HIC","DVW-ARW","0","Boven-Scheldebekken","Normaal"
"10",13,"0193572042"," 4 januari 2024 07:02",NA,0,50.9400373616177,3.16555947384201,"H","Roeselare/Mandel","01L05_402","VMM","VMM","0","Leiebekken","Normaal"
"11",14,"01122340042"," 4 januari 2024 07:02",NA,0,51.1341443309449,3.94715374521772,"H","Eksaarde/Mariabeek","01S03_307","VMM","Polder Moervaart en Zuidlede","0","Bekken Gentse kanalen","Normaal"
"12",16,"0488163010"," 4 januari 2024 07:15",NA,0,50.7789008494217,3.38026943352333,"H","Moen Opwaarts DVW/Kl Bossuit-Kortrijk","04WW002-OPW-1073","MOW-HIC","DVW-ARW","0","Boven-Scheldebekken","Normaal"
"13",17,"0488175010"," 4 januari 2024 07:00",NA,0,51.1370660635166,2.75883312340085,"H","Nieuwpoort/Kl Nieuwpoort-Plassendale","04kpn02a-1066","MOW-HIC","HIC","0","Ijzerbekken","Normaal"
"14",18,"0193044042"," 4 januari 2024 07:02",NA,0,50.9772734119121,5.05486467569224,"H","Diest/Begijnebeek","01L09_14D","VMM","VMM","0","Demerbekken","Normaal"
"15",20,"0488083010"," 4 januari 2024 07:15",NA,0,50.7094150053157,4.22258537373802,"H","Lembeek Sluis Afwaarts DVW/Kl Brussel-Charleroi","04KC-LEM-AFW-1095","MOW-HIC","DVW-ARC","0","Dijlebekken","Normaal"
"16",21,"04103939010"," 4 januari 2024 07:10",NA,0,51.0507340214021,5.769876510396,"H","Rotem rkm 44.9/Maas","04maa02w-1066","MOW-HIC","HIC","0","Maasbekken","Normaal"
"17",23,"0193732042"," 4 januari 2024 07:02",NA,0,50.8479898394048,2.72066792890536,"H","Poperinge/Vleterbeek","01L01_49C","VMM","VMM","0","Ijzerbekken","Normaal"
"18",26,"0487823010"," 4 januari 2024 07:15",NA,0,51.0382387228388,4.44665766739391,"H","Battel Sluis Opwaarts DVW/Kl Leuven-Dijle","04LD-BAT-OPW-1095","MOW-HIC","DVW-ARC","0","Dijlebekken","Normaal"
"19",27,"01276279042"," 4 januari 2024 07:00",NA,0,50.8260145913424,3.61160845853722,"H","Etikhove/Molenbeek","01L06_347","VMM","VMM","1","Boven-Scheldebekken","Normaal"
"20",28,"04116974010"," 4 januari 2024 07:00",NA,0,50.785460798534,3.10738816895926,"H","Menen Ropswalle/Leie","04lei11m-1066","MOW-HIC","HIC","1","Leiebekken","Normaal"
"21",29,"0487995010"," 4 januari 2024 07:00",NA,0,50.8502180339115,3.3001197904026,"H","Harelbeke 650m Opwaarts/Leie","04lei08f-1066","MOW-HIC","HIC","0","Leiebekken","Normaal"
"22",31,"0193204042"," 4 januari 2024 07:02",NA,0,51.2253221702821,4.54484236828921,"H","Wijnegem/Afvoergracht","01L04_00A","VMM","VMM","0","Beneden-Scheldebekken","Normaal"
"23",34,"0193320042"," 4 januari 2024 07:02",NA,0,51.0777766781747,4.98634592264793,"H","Veerle/Grote Laak","01L10_085","VMM","VMM","0","Netebekken","Normaal"
"24",35,"0488357010"," 4 januari 2024 06:50",NA,0,51.4426831750776,3.59731953996577,"W","Vlissingen tij/Westerschelde","04VLIS-1060","MOW-HIC","RWS","0","Beneden-Scheldebekken","Normaal"
"25",37,"0487983010"," 4 januari 2024 07:00",NA,0,50.7377444522776,4.2420029010962,"H","Halle Opwaarts/Kl Brussel-Charleroi","04kbc05e-1066","MOW-HIC","HIC","0","Dijlebekken","Normaal"
"26",41,"0488219010"," 4 januari 2024 07:00",NA,0,50.8296965118308,4.00959912439749,"H","Pollare Opwaarts/Dender","04den09e-1066","MOW-HIC","HIC","0","Denderbekken","Normaal"
"27",42,"01122407042"," 4 januari 2024 07:02",NA,0,50.8109767826334,3.08623009064218,"H","Geluwe/Geluwebeek","01L05_408","VMM","VMM","0","Leiebekken","Normaal"
"28",43,"0488071010"," 4 januari 2024 07:00",NA,0,50.8015911859518,3.1894996472416,"H","Lauwe/Leie","04lei10a-1066","MOW-HIC","HIC","0","Leiebekken","Normaal"
"29",48,"0193124042"," 4 januari 2024 07:02",NA,0,50.8728273680151,4.056547787685,"H","Iddergem/Molenbeek","01L07_284","VMM","VMM","0","Denderbekken","Normaal"
"30",49,"0494244010"," 4 januari 2024 07:14",NA,0,51.2679979571621,4.29852383884503,"W","Kallosluis tij/Zeeschelde","04zes14a-1066","MOW-HIC","HIC","0","Beneden-Scheldebekken","Normaal"
"31",50,"0487799010"," 4 januari 2024 07:15",NA,0,51.2056071326865,3.51547481570183,"H","Adegem-Balgerhoeke Opwaarts DVW/Afleidingskl Leie","04OW005-OPW-1073","MOW-HIC","DVW-ARW","0","Bekken Brugse polders","Normaal"
"32",51,"0488335010"," 4 januari 2024 07:00",NA,0,51.1011257965587,3.56546697228752,"H","Zomergem/Afleidingskl Leie","04akl04a-1066","MOW-HIC","HIC","0","Bekken Gentse kanalen","Normaal"
"33",53,"0484028010"," 4 januari 2024 07:14",NA,0,51.2274681467334,4.39991370684367,"W","Antwerpen tij/Zeeschelde","04zes21a-1066","MOW-HIC","HIC","1","Beneden-Scheldebekken","Normaal"
"34",54,"01122488042"," 4 januari 2024 07:02",NA,0,50.8853656204651,5.35251130260529,"H","Wimmertingen/Mombeek","01L09_167","VMM","VMM","0","Demerbekken","Normaal"
"35",55,"01149665042"," 4 januari 2024 07:02",NA,0,50.9325412313526,4.22809352656834,"H","Asse/Grote Molenbeek/Dorp opw duiker","01S04_03C","VMM","Provincie Vlaams-Brabant","","Beneden-Scheldebekken","Normaal"
"36",57,"0494255010"," 4 januari 2024 07:14",NA,0,51.1079366990736,4.06710512195968,"W","Waasmunster Manta tij/Durme","04dur05a-1066","MOW-HIC","HIC","0","Beneden-Scheldebekken","Normaal"
"37",58,"0488187010"," 4 januari 2024 07:15",NA,0,51.2226436730564,2.94796773328262,"H","Oostende-Sas Slijkens Opwaarts DVW/Kl Gent-Oostend","04WW020-OPW-1073","MOW-HIC","DVW-ARW","0","Bekken Brugse polders","Normaal"
"38",60,"0193240042"," 4 januari 2024 07:02",NA,0,51.439923551936,4.47924317450895,"H","Essen/Kleine Aa","01L11_042","VMM","VMM","0","Maasbekken","Normaal"
"39",63,"04123867010"," 4 januari 2024 07:15",NA,0,50.8223391955434,3.34631512252679,"H","Zwevegem Opwaarts DVW/Kl Bossuit-Kortrijk","04WW016-OPW-1073","MOW-HIC","DVW-ARW","0","Leiebekken","Normaal"
"40",64,"0197646042"," 4 januari 2024 07:02",NA,0,50.9198917979959,4.24272251024108,"H","Asse/Grote Molenbeek/stwg nr Kobbegem","01S04_039","VMM","Provincie Vlaams-Brabant","","Beneden-Scheldebekken","Normaal"
"41",65,"0488199010"," 4 januari 2024 07:15",NA,0,50.8499418731584,3.6179688797328,"H","Oudenaarde Opwaarts DVW/Bovenschelde","04OW099-OPW-1073","MOW-HIC","DVW-ARW","0","Boven-Scheldebekken","Normaal"
"42",68,"0193364042"," 4 januari 2024 07:00",NA,0,50.8028999816405,4.64250171357406,"H","Sint-Joris-Weert/Dijle","01L08_098","VMM","VMM","1","Dijlebekken","Normaal"
"43",69,"04117488010"," 4 januari 2024 07:14",NA,0,51.1062780187721,4.14415992853718,"W","Hamme tij/Durme","04dur01x-1066","MOW-HIC","HIC","0","Beneden-Scheldebekken","Normaal"
"44",70,"0193008042"," 4 januari 2024 07:02",NA,0,50.8923773311403,5.49737700088926,"H","Bilzen/Demer","01L09_138","VMM","VMM","0","Demerbekken","Normaal"
"45",75,"04123921010"," 4 januari 2024 07:00",NA,0,51.022908952752,2.61959386028197,"H","Houtem Opwaarts/Bergenvaart","04bgv03e-1066","MOW-HIC","HIC","0","Ijzerbekken","Normaal"
"46",76,"0488127010"," 4 januari 2024 07:15",NA,0,50.7800504216885,3.09926537932386,"H","Menen Opwaarts DVW/Leie","04WW065-OPW-1073","MOW-HIC","DVW-ARW","0","Leiebekken","Normaal"
"47",77,"0487915010"," 4 januari 2024 07:15",NA,0,51.0424575814561,4.08223979921033,"H","Dendermonde Opwaarts DVW/Dender","04OW401-OPW-1073","MOW-HIC","DVW-ARW","0","Denderbekken","Normaal"
"48",80,"0193676042"," 4 januari 2024 07:02",NA,0,51.3200488574758,3.3509070796787,"H","Westkapelle/Vuilevaart","01S02_45E","VMM","Oostkustpolder","0","Bekken Brugse polders","Normaal"
"49",82,"04114069010"," 4 januari 2024 07:14",NA,0,51.073443137666,4.42441567561201,"W","Rumst tij/Nete","04bnt01c-1066","MOW-HIC","HIC","0","Netebekken","Normaal"
"50",83,"01199079042"," 4 januari 2024 07:02",NA,0,51.1769862684863,5.1071830220646,"H","Mol_Borgerhoutsendijk/Molse Nete","01MO10_11","VMM","VMM","","Netebekken","Normaal"
"51",84,"0484180010"," 4 januari 2024 07:00",NA,0,50.9376347849076,4.04643624264415,"H","Aalst Opwaarts/Dender","04den05e-1066","MOW-HIC","HIC","1","Denderbekken","Normaal"
"52",85,"01122387042"," 4 januari 2024 07:02",NA,0,51.2783508840723,4.18976506644282,"H","Kieldrecht/Noordzuidverbinding","01L04_00H","VMM","VMM","","Beneden-Scheldebekken","Normaal"
"53",87,"01256904042"," 4 januari 2024 07:00",NA,0,50.751148,4.25722,"H","Buizingen/Zenne/station","01L08_23J","VMM","VMM","","Dijlebekken","Normaal"
"54",89,"0193400042"," 4 januari 2024 07:02",NA,0,50.7901592449461,4.59298772597742,"H","Huldenberg/Ijse","01L08_119","VMM","VMM","0","Dijlebekken","Normaal"
"55",90,"0193584042"," 4 januari 2024 07:02",NA,0,50.846044639703,3.29483264585867,"H","Harelbeke/Gaverbeek","01L05_406","VMM","VMM","0","Leiebekken","Normaal"
"56",92,"0488287010"," 4 januari 2024 07:15",NA,0,50.9393307827034,4.66587879766415,"H","Tildonk Sluis Opwaarts DVW/Kl Leuven-Dijle","04LD-TIL-OPW-1095","MOW-HIC","DVW-ARC","0","Dijlebekken","Normaal"
"57",93,"0198146042"," 4 januari 2024 07:02",NA,0,50.7535570834951,4.26976461821304,"H","Huizingen/Molenbeek","01S08_239","VMM","Provincie Vlaams-Brabant","","Dijlebekken","Normaal"
"58",94,"0487855010"," 4 januari 2024 07:00",NA,0,51.1794485742812,3.23424905464403,"H","Brugge-Steenbrugge/Kl Gent-Oostende","04kgo06a-1066","MOW-HIC","HIC","0","Bekken Brugse polders","Normaal"
"59",96,"0487871010"," 4 januari 2024 07:00",NA,0,51.2523342559188,3.28011886801746,"H","Damme/Kl Brugge-Sluis","04kbs02a-1066","MOW-HIC","HIC","0","Bekken Brugse polders","Normaal"
"60",97,"0484508010"," 4 januari 2024 07:15",NA,0,50.9383127120279,4.04554216772367,"H","Aalst Afwaarts DVW/Dender","04OW403-AFW-1073","MOW-HIC","DVW-ARW","0","Denderbekken","Normaal"
"61",98,"0494254010"," 4 januari 2024 07:14",NA,0,51.1096368325519,4.17391610613741,"W","Tielrode tij/Durme","04dur01a-1066","MOW-HIC","HIC","0","Beneden-Scheldebekken","Normaal"
"62",100,"01279651042"," 4 januari 2024 07:02",NA,0,50.8439651902815,2.89101584785207,"H","Ieper/Kasteelgracht","01KL01_306K","VMM","VMM","0","IJzerbekken","Normaal"
"63",101,"01304636042"," 4 januari 2024 07:00",NA,0,50.864609,4.677224,"H","Heverlee/Voer/Kapeldreef","01L08_1103","VMM","VMM","","Dijlebekken","Normaal"
"64",102,"01122388042"," 4 januari 2024 07:02",NA,0,51.2374152773431,4.12720701943632,"H","Sint-Gillis-Waas/ZuidelijkeWatergang(Groenendijk)","01S04_00J","VMM","Polder Land van Waas","0","Beneden-Scheldebekken","Normaal"
"65",104,"01227091042"," 4 januari 2024 07:00",NA,0,50.7486391043145,4.35302730688102,"H","Sint-Genesius-Rode/Molenbeek","01S08_23H","VMM","Provincie Vlaams-Brabant","","Dijlebekken","Normaal"
"66",106,"0488039010"," 4 januari 2024 07:15",NA,0,50.9563448329961,4.59453908641305,"H","Kampenhout Sluis Opwaarts DVW/Kl Leuven-Dijle","04LD-KAM-OPW-1095","MOW-HIC","DVW-ARC","0","Dijlebekken","Normaal"
"67",107,"0193720042"," 4 januari 2024 07:02",NA,0,50.9190818237186,2.89062877382979,"H","Langemark/Martjevaart","01L01_497","VMM","VMM","0","Ijzerbekken","Normaal"
"68",108,"01292392042"," 4 januari 2024 07:00",NA,0,50.7334668664643,4.22962514475058,"H","Halle/Groebengracht","01S08_23D","VMM","Provincie Vlaams-Brabant","","Dijlebekken","Normaal"
"69",110,"01226227042"," 4 januari 2024 07:00",NA,0,50.7831912869604,4.20824574998637,"H","Sint-Pieters-Leeuw/Molenbeek","01L08_23G","VMM","VMM","0","Dijlebekken","Normaal"
"70",111,"0193380042"," 4 januari 2024 07:02",NA,0,50.8584078531573,4.61555617172796,"H","Bertem/Voer","01L08_113","VMM","VMM","0","Dijlebekken","Normaal"
"71",112,"0193088042"," 4 januari 2024 07:02",NA,0,50.8760906883208,5.30941871815729,"H","Alken/Herk","01L09_164","VMM","VMM","0","Demerbekken","Normaal"
"72",113,"0487903010"," 4 januari 2024 07:00",NA,0,50.8736649491979,4.07715178150251,"H","Denderleeuw Opwaarts/Dender","04den08c-1066","MOW-HIC","HIC","0","Denderbekken","Normaal"
"73",119,"0488063010"," 4 januari 2024 07:00",NA,0,50.8344355964653,3.27106598180651,"H","Kortrijk Vlaanderenkaai/Kl Bossuit-Kortrijk","04kbk02c-1066","MOW-HIC","HIC","0","Leiebekken","Normaal"
"74",120,"0193316042"," 4 januari 2024 07:02",NA,0,51.1115089271615,4.80663385135049,"H","Wiekevorst/Wimp","01L10_082","VMM","VMM","0","Netebekken","Normaal"
"75",122,"0193700042"," 4 januari 2024 07:02",NA,0,51.0257577290981,3.04706006619048,"H","Kortemark/Spanjaardbeek","01L01_48D","VMM","VMM","0","Ijzerbekken","Normaal"
"76",124,"0193620042"," 4 januari 2024 07:02",NA,0,51.1822817852576,2.98694430710233,"H","Oudenburg/Magdalenakreek","01S01_42E","VMM","VMM","0","Ijzerbekken","Normaal"
"77",125,"04109771010"," 4 januari 2024 07:00",NA,0,51.1583447280088,3.26405350323317,"H","Oostkamp/Kl Gent-Oostende","04kgo06n-1066","MOW-HIC","HIC","0","Bekken Brugse polders","Normaal"
"78",129,"01277642042"," 4 januari 2024 07:02",NA,0,50.7933984258841,3.74097901823192,"H","Opbrakel/Vaanbuikbeek","01L06_34A","VMM","VMM","0","Boven-Scheldebekken","Normaal"
"79",130,"01276179042"," 4 januari 2024 07:02",NA,0,50.8190208479953,3.67114141932069,"H","Maarke-Kerkem/Broekbeek","01L06_34E","VMM","VMM","0","Boven-Scheldebekken","Normaal"
"80",131,"04123925010"," 4 januari 2024 07:15",NA,0,51.2208712138338,3.23414359415955,"H","Brugge Dampoortsluis Opwaarts DVW/Kl Gent-Oostende","04WW017-OPW-1073","MOW-HIC","DVW-ARW","0","Bekken Brugse polders","Normaal"
"81",132,"0193392042"," 4 januari 2024 07:02",NA,0,50.8602867367975,4.73842689741877,"H","Ijzeren Brugje/Molenbeek","01L08_116","VMM","VMM","0","Dijlebekken","Normaal"
"82",135,"0494242010"," 4 januari 2024 07:14",NA,0,51.0152189872972,4.4489361582011,"W","Hombeek tij/Zenne","04zen01a-1066","MOW-HIC","HIC","0","Dijlebekken","Normaal"
"83",138,"01200314042"," 4 januari 2024 07:00",NA,0,50.769823548053,4.5279210623846,"H","Overijse/Ijse","01S08_11P","VMM","Provincie Vlaams-Brabant","","Dijlebekken","Normaal"
"84",139,"0193328042"," 4 januari 2024 07:02",NA,0,51.0819972354572,5.09429315727323,"H","Tessenderlo/Grote Laak","01L10_087","VMM","VMM","1","Netebekken","Normaal"
"85",140,"0193712042"," 4 januari 2024 07:02",NA,0,50.8438822303829,2.81093647335427,"H","Vlamertinge/Grote Kemmelbeek","01L01_493","VMM","VMM","0","Ijzerbekken","Normaal"
"86",141,"0488051010"," 4 januari 2024 07:15",NA,0,50.7888064797131,3.4930999457022,"H","Kerkhove Opwaarts DVW/Bovenschelde","04WW046-OPW-1073","MOW-HIC","DVW-ARW","0","Boven-Scheldebekken","Normaal"
"87",143,"0193024042"," 4 januari 2024 07:02",NA,0,50.8909403365156,5.0211389216947,"H","Ransberg/Velpe","01L09_145","VMM","VMM","0","Demerbekken","Normaal"
"88",145,"01122257042"," 4 januari 2024 07:02",NA,0,51.2020094304425,2.98033565599146,"H","Oostende_Zandvoorde/Grote Keignaert","01S01_42K","VMM","VMM","0","Ijzerbekken","Normaal"
"89",146,"0494253010"," 4 januari 2024 07:14",NA,0,51.1228087597397,4.21867338754705,"W","Temse tij/Zeeschelde","04zes36a-1066","MOW-HIC","HIC","0","Beneden-Scheldebekken","Normaal"
"90",147,"0193116042"," 4 januari 2024 07:02",NA,0,50.9827682912397,4.18529296790663,"H","Opwijk/Vondelbeek","01L07_281","VMM","VMM","0","Denderbekken","Normaal"
"91",150,"0494241010"," 4 januari 2024 07:14",NA,0,51.1433201670927,4.33007492883935,"W","Hemiksem tij/Zeeschelde","04zes28a-1066","MOW-HIC","HIC","0","Beneden-Scheldebekken","Normaal"
"92",152,"0487859010"," 4 januari 2024 07:00",NA,0,51.2209258241412,3.23421384082124,"H","Brugge Dampoortsluis Opwaarts/Kl Gent-Oostende","04kgo04e-1066","MOW-HIC","HIC","0","Bekken Brugse polders","Normaal"
"93",156,"0488343010"," 4 januari 2024 07:15",NA,0,50.9932383240252,3.72408896960249,"H","Zwijnaarde Opwaarts DVW/Bovenschelde","04OW007-OPW-1073","MOW-HIC","DVW-ARW","0","Boven-Scheldebekken","Normaal"
"94",157,"0193212042"," 4 januari 2024 07:02",NA,0,50.9337906896931,3.8639794431187,"H","Letterhoutem/Molenbeek (Kottembeek)","01L04_00C","VMM","VMM","0","Beneden-Scheldebekken","Normaal"
"95",158,"0488159010"," 4 januari 2024 07:15",NA,0,50.7801235910134,3.37920859775838,"H","Moen Afwaarts DVW/Kl Bossuit-Kortrijk","04WW002-AFW-1073","MOW-HIC","DVW-ARW","0","Boven-Scheldebekken","Normaal"
"96",162,"0488103010"," 4 januari 2024 07:00",NA,0,50.7658454688447,4.26908691804533,"H","Lot Opwaarts/Kl Brussel-Charleroi","04kbc04e-1066","MOW-HIC","HIC","0","Dijlebekken","Normaal"
"97",166,"0488191010"," 4 januari 2024 07:00",NA,0,51.2650576805402,3.2962849862904,"H","Oostkerke/Afleidingskl Leie","04akl02a-1066","MOW-HIC","HIC","0","Bekken Brugse polders","Normaal"
"98",167,"0193756042"," 4 januari 2024 07:02",NA,0,50.7684050173334,5.51963921378839,"H","Nerem/Jeker","01L11_555","VMM","VMM","1","Maasbekken","Normaal"
"99",168,"0488692010"," 4 januari 2024 07:10",NA,0,51.0043253963764,3.80534724074931,"W","Melle tij/Zeeschelde","04zes57a-1066","MOW-HIC","HIC","1","Beneden-Scheldebekken","Normaal"
"100",170,"04111843010"," 4 januari 2024 07:14",NA,0,51.0070898449622,3.87665531997283,"W","Wetteren Brug tij/Zeeschelde","04zes55c-1066","MOW-HIC","HIC","0","Beneden-Scheldebekken","Normaal"
"101",171,"0487927010"," 4 januari 2024 07:00",NA,0,51.0332120141658,2.85445974413562,"H","Diksmuide/Ijzer","04ijz03a-1066","MOW-HIC","HIC","0","Ijzerbekken","Normaal"
"102",172,"0494240010"," 4 januari 2024 07:14",NA,0,51.0470551421963,3.74721653562979,"W","Gentbrugge tij/Zeeschelde","04zes58a-1066","MOW-HIC","HIC","0","Beneden-Scheldebekken","Normaal"
"103",173,"01122329042"," 4 januari 2024 07:02",NA,0,51.1565554528853,3.86287538740376,"H","Wachtebeke/Zwartebeek","01S03_304","VMM","Polder Moervaart en Zuidlede","0","Bekken Gentse kanalen","Normaal"
"104",177,"01285583042"," 4 januari 2024 07:00",NA,0,50.880085,4.467682,"H","Zaventem/Woluwe/opwaarts Henneaulaan","01L08_202","VMM","VMM","","Dijlebekken","Normaal"
"105",178,"0487847010"," 4 januari 2024 07:15",NA,0,50.9732863285287,4.56106259619105,"H","Boortmeerbeek Sluis Opwaarts DVW/Kl Leuven-Dijle","04LD-BMB-OPW-1095","MOW-HIC","DVW-ARC","0","Dijlebekken","Normaal"
"106",180,"0198021042"," 4 januari 2024 07:00",NA,0,50.9796651188524,4.51354266904217,"H","Schiplaken/Bergbeek","01S08_11K","VMM","Provincie Vlaams-Brabant","","Dijlebekken","Normaal"
"107",181,"01228817042"," 4 januari 2024 07:00",NA,0,50.7345603967519,4.320725008842,"H","Alsemberg/Molenbeek/GOG_Elsemheide_afwaarts","01S08_23F","VMM","Provincie Vlaams-Brabant","","Dijlebekken","Normaal"
"108",183,"0488179010"," 4 januari 2024 07:15",NA,0,51.1374810906415,2.77218095544152,"H","Nieuwpoort-Sint Jorissluis Opwaarts DVW/Kl Nwp-Pl","04WW019-OPW-1073","MOW-HIC","DVW-ARW","0","Ijzerbekken","Normaal"
"109",186,"01122270042"," 4 januari 2024 07:02",NA,0,50.9228701318326,2.82512990235996,"H","Reninge/Kemmelbeek","01L01_492","VMM","VMM","0","Ijzerbekken","Normaal"
"110",188,"01122291042"," 4 januari 2024 07:02",NA,0,51.0270512815534,3.20914297986786,"H","Zwevezele/Jobeek","01L02_424","VMM","VMM","0","Bekken Brugse polders","Normaal"
"111",189,"0488239010"," 4 januari 2024 07:15",NA,0,50.7892562364069,4.29265950613294,"H","Ruisbroek Sluis Opwaarts DVW/Kl Brussel-Charleroi","04KC-RUI-OPW-1095","MOW-HIC","DVW-ARC","0","Dijlebekken","Normaal"
"112",191,"0487939010"," 4 januari 2024 07:10",NA,0,50.9605215675057,4.45565127631139,"H","Eppegem/Zenne","04zen03a-1066","MOW-HIC","HIC","1","Dijlebekken","Normaal"
"113",192,"0494251010"," 4 januari 2024 07:14",NA,0,51.0526375700243,4.19721684620378,"W","Sint-Amands tij/Zeeschelde","04zes42a-1066","MOW-HIC","HIC","0","Beneden-Scheldebekken","Normaal"
"114",193,"01122281042"," 4 januari 2024 07:02",NA,0,50.9680311717662,2.88508496919324,"H","Merkem/Steenbeek","01L01_49A","VMM","VMM","0","Ijzerbekken","Normaal"
"115",196,"04123875010"," 4 januari 2024 07:15",NA,0,51.0114506585756,4.3652920866586,"H","Kapelle-op-den-Bos DVW/Kl Brussel-Schelde","04BS-KAP-1095","MOW-HIC","DVW-ARC","0","Beneden-Scheldebekken","Normaal"
"116",198,"0193140042"," 4 januari 2024 07:02",NA,0,50.7723496052641,3.87144970082739,"H","Geraardsbergen/Molenbeek","01L07_288","VMM","VMM","0","Denderbekken","Normaal"
"117",200,"0193304042"," 4 januari 2024 07:02",NA,0,51.2440178366846,4.91313792464009,"H","Tielen/Grote_Calie","01S10_069","VMM","Provincie Antwerpen","0","Netebekken","Normaal"
"118",201,"0488075010"," 4 januari 2024 07:00",NA,0,50.7080525616338,4.2202229496191,"H","Lembeek/Kl Brussel-Charleroi","04kbc06e-1066","MOW-HIC","HIC","1","Dijlebekken","Normaal"
"119",202,"0494239010"," 4 januari 2024 07:14",NA,0,51.1091386944567,4.53016668326476,"W","Duffel Sluis tij/Nete","04bnt03a-1066","MOW-HIC","HIC","0","Netebekken","Normaal"
"120",206,"0487835010"," 4 januari 2024 07:15",NA,0,51.1432327675855,3.29619394246308,"H","Beernem Afwaarts DVW/Kl Gent-Oostende","04WW064-AFW-1073","MOW-HIC","DVW-ARW","1","Bekken Brugse polders","Normaal"
"121",207,"01122572042"," 4 januari 2024 07:02",NA,0,50.7595462985906,5.75762159518388,"H","s-Gravenvoeren/Voer","01L11_567","VMM","VMM","0","Maasbekken","Normaal"
"122",209,"01122411042"," 4 januari 2024 07:02",NA,0,50.9475478705698,3.63849383839792,"H","Eke/Beerhofbeek","01L06_343","VMM","VMM","0","Boven-Scheldebekken","Normaal"
"123",211,"0487891010"," 4 januari 2024 07:00",NA,0,51.0001626403935,4.07806732915739,"H","Denderbelle Opwaarts/Dender","04den03e-1066","MOW-HIC","HIC","0","Denderbekken","Normaal"
"124",215,"0193502042"," 4 januari 2024 07:02",NA,0,50.8045518563322,4.28859722505561,"H","Sint-Pieters-Leeuw/Zuunbeek/Negenmanneke","01KL08_234","VMM","VMM","0","Dijlebekken","Normaal"
"125",216,"0198171042"," 4 januari 2024 07:02",NA,0,50.7412780447715,4.33610862663992,"H","Alsemberg/Molenbeek","01S08_23A","VMM","Provincie Vlaams-Brabant","","Dijlebekken","Normaal"
"126",217,"0488019010"," 4 januari 2024 07:00",NA,0,50.7989627026379,3.92960531432094,"H","Idegem Opwaarts/Dender","04den10e-1066","MOW-HIC","HIC","0","Denderbekken","Normaal"
"127",218,"0488311010"," 4 januari 2024 07:00",NA,0,50.9176726362496,4.4205596749182,"H","Vilvoorde Sluisstraat/Zenne","04zen04a-1066","MOW-HIC","HIC","1","Dijlebekken","Normaal"
"128",219,"01122277042"," 4 januari 2024 07:02",NA,0,50.9312233943311,2.8873439682996,"H","Merkem/Martjevaart","01L01_496","VMM","VMM","0","Ijzerbekken","Normaal"
"129",220,"01122334042"," 4 januari 2024 07:02",NA,0,51.1283636262461,3.85598044265697,"H","Zaffelare/Dijkgracht","01S03_306","VMM","Polder Moervaart en Zuidlede","","Bekken Gentse kanalen","Normaal"
"130",224,"0193360042"," 4 januari 2024 07:02",NA,0,50.8379667805949,4.64326007318993,"H","Korbeek-Dijle/Dijle","01L08_097","VMM","VMM","0","Dijlebekken","Normaal"
"131",226,"04123883010"," 4 januari 2024 07:15",NA,0,50.9976433304338,4.37354080213229,"H","Zemst Sluis Opwaarts DVW/Kl Brussel-Schelde","04BS-ZEM-OPW-1095","MOW-HIC","DVW-ARC","0","Dijlebekken","Normaal"
"132",227,"0193004042"," 4 januari 2024 07:02",NA,0,50.9315276462054,5.37611387147316,"H","Hasselt/Demer","01L09_136","VMM","VMM","0","Demerbekken","Normaal"
"133",228,"0488111010"," 4 januari 2024 07:15",NA,0,50.766676167605,4.27060318178339,"H","Lot Sluis Afwaarts DVW/Kl Brussel-Charleroi","04KC-LOT-AFW-1095","MOW-HIC","DVW-ARC","0","Dijlebekken","Normaal"
"134",229,"0193188042"," 4 januari 2024 07:02",NA,0,51.2882640482285,4.414727898758,"H","Ekeren/Schoon_Schijn","01L04_006","VMM","VMM","0","Beneden-Scheldebekken","Normaal"
"135",231,"0488123010"," 4 januari 2024 07:00",NA,0,50.778871044192,3.09680879429744,"H","Menen Opwaarts/Leie","04lei12e-1066","MOW-HIC","HIC","0","Leiebekken","Normaal"
"136",233,"0487919010"," 4 januari 2024 07:10",NA,0,51.0378155132949,4.07704992952038,"H","Dendermonde/Dender","04den02a-1066","MOW-HIC","HIC","0","Denderbekken","Normaal"
"137",234,"01149740042"," 4 januari 2024 07:02",NA,0,50.946708564284,4.22827892593465,"H","Merchtem/Grote Molenbeek/Koeweidestr opw duiker","01S04_03F","VMM","Provincie Vlaams-Brabant","","Beneden-Scheldebekken","Normaal"
"138",235,"0488203010"," 4 januari 2024 07:15",NA,0,50.8511201561088,3.61946962506302,"H","Oudenaarde Afwaarts DVW/Bovenschelde","04OW099-AFW-1073","MOW-HIC","DVW-ARW","0","Boven-Scheldebekken","Normaal"
"139",236,"0494250010"," 4 januari 2024 07:14",NA,0,51.0046664649359,4.00757775537503,"W","Schoonaarde tij/Zeeschelde","04zes49a-1066","MOW-HIC","HIC","0","Beneden-Scheldebekken","Normaal"
"140",238,"0193348042"," 4 januari 2024 07:02",NA,0,50.9252606469659,4.7063826186718,"H","Wilsele/Dijle","01L08_093","VMM","VMM","0","Dijlebekken","Normaal"
"141",241,"04111842010"," 4 januari 2024 07:14",NA,0,51.1018564138825,4.08780585399983,"W","Waasmunster Brug tij/Durme","04dur04a-1066","MOW-HIC","HIC","0","Beneden-Scheldebekken","Normaal"
"142",242,"04116223010"," 4 januari 2024 07:14",NA,0,51.1189398722589,4.30277317648296,"W","Wintam Sluis Afwaarts DVW tij/Zeeschelde","04BS-WIN-AFW-1095","MOW-HIC","DVW-ARC","0","Beneden-Scheldebekken","Normaal"
"143",244,"01285598042"," 4 januari 2024 07:00",NA,0,50.872982,4.457435,"H","Zaventem/Woluwe/afwaarts knijp","01L08_201","VMM","VMM","","Dijlebekken","Normaal"
"144",246,"01286029042"," 4 januari 2024 07:00",NA,0,50.8644146668626,4.46727321135351,"H","Kraainem/KleineMaalbeek/Stwg_op_Zaventem","01MO08_25","VMM","VMM","","Dijlebekken","Normaal"
"145",250,"0193588042"," 4 januari 2024 07:02",NA,0,50.9504677658373,3.27219344156497,"H","Meulebeke/Devebeek","01L05_407","VMM","VMM","1","Leiebekken","Normaal"
"146",251,"0487851010"," 4 januari 2024 07:15",NA,0,50.9738449378955,4.5602818118699,"H","Boortmeerbeek Sluis Afwaarts DVW/Kl Leuven-Dijle","04LD-BMB-AFW-1095","MOW-HIC","DVW-ARC","0","Dijlebekken","Normaal"
"147",252,"0488007010"," 4 januari 2024 07:15",NA,0,51.3315474561522,3.2220755594616,"H","Heist Opwaarts DVW/Afleidingskl Leie","04WW109A-OPW-1073","MOW-HIC","DVW-ARW","0","Bekken Brugse polders","Normaal"
"148",254,"01122539042"," 4 januari 2024 07:02",NA,0,51.1346930798979,5.43392178974006,"H","Peer/Dommel","01L11_023","VMM","VMM","0","Maasbekken","Normaal"
"149",258,"0488043010"," 4 januari 2024 07:15",NA,0,50.956086498355,4.59331384218828,"H","Kampenhout Sluis Afwaarts DVW/Kl Leuven-Dijle","04LD-KAM-AFW-1095","MOW-HIC","DVW-ARC","0","Dijlebekken","Normaal"
"150",261,"0193384042"," 4 januari 2024 07:02",NA,0,50.9057393112041,4.71130331533873,"H","Wilsele/Vunt","01L08_114","VMM","VMM","0","Dijlebekken","Normaal"
"151",262,"0487839010"," 4 januari 2024 07:15",NA,0,50.8930174041268,2.86730978346947,"H","Boezinge dorp Opwaarts DVW/Kl Ieper-Ijzer","04WP005-OPW-1073","MOW-HIC","DVW-ARW","0","Ijzerbekken","Normaal"
"152",266,"0488099010"," 4 januari 2024 07:00",NA,0,50.9801372834513,2.74188851184371,"H","Lo-Reninge/Lokl","04lok02a-1066","MOW-HIC","HIC","0","Ijzerbekken","Normaal"
"153",267,"0487907010"," 4 januari 2024 07:15",NA,0,50.8737249297148,4.07701501701569,"H","Denderleeuw Opwaarts DVW/Dender","04OW405-OPW-1073","MOW-HIC","DVW-ARW","0","Denderbekken","Normaal"
"154",268,"0487955010"," 4 januari 2024 07:00",NA,0,50.9296307282077,3.6542880951664,"H","Gavere/Bovenschelde","04bos02a-1066","MOW-HIC","HIC","0","Boven-Scheldebekken","Normaal"
"155",271,"0193312042"," 4 januari 2024 07:02",NA,0,51.158863582074,5.1928237001118,"H","Balen/Grote_Nete","01L10_079","VMM","VMM","0","Netebekken","Normaal"
"156",273,"0488067010"," 4 januari 2024 07:00",NA,0,50.831426608964,3.28449478724844,"H","Kortrijk Spinnerijkaai/Kl Bossuit-Kortrijk","04kbk03c-1066","MOW-HIC","HIC","0","Leiebekken","Normaal"
"157",274,"0487815010"," 4 januari 2024 07:00",NA,0,50.9148702570547,3.6705370384779,"H","Asper Opwaarts/Bovenschelde","04bos03e-1066","MOW-HIC","HIC","0","Boven-Scheldebekken","Normaal"
"158",275,"0487899010"," 4 januari 2024 07:15",NA,0,51.001312744157,4.07786076216278,"H","Denderbelle Afwaarts DVW/Dender","04OW402-AFW-1073","MOW-HIC","DVW-ARW","1","Denderbekken","Normaal"
"159",277,"0193736042"," 4 januari 2024 07:02",NA,0,50.8517878760389,2.71644392972151,"H","Poperinge/Bommelaarsbeek","01L01_49D","VMM","VMM","0","Ijzerbekken","Normaal"
"160",279,"01122344042"," 4 januari 2024 07:02",NA,0,51.1106103138491,3.83763969317165,"H","Lochristi/Westlede","01S03_308","VMM","Polder Moervaart en Zuidlede","0","Bekken Gentse kanalen","Normaal"
"161",280,"0494237010"," 4 januari 2024 07:14",NA,0,51.0345572495242,4.10385654856527,"W","Dendermonde tij/Zeeschelde","04zes47a-1066","MOW-HIC","HIC","0","Beneden-Scheldebekken","Normaal"
"162",285,"0193396042"," 4 januari 2024 07:00",NA,0,50.7685782644485,4.60497663446924,"H","Overijse/Laan","01L08_118","VMM","VMM","0","Dijlebekken","Normaal"
"163",286,"0488167010"," 4 januari 2024 07:00",NA,0,51.1353128749178,2.76875389746053,"H","Nieuwpoort/Ijzer","04ijz01d-1066","MOW-HIC","HIC","0","Ijzerbekken","Normaal"
"164",290,"01122310042"," 4 januari 2024 07:02",NA,0,51.2456666666667,3.53072222222222,"H","Sint-Laureins/Eeklose watergang","01L02_444","VMM","VMM","0","Bekken Brugse polders","Normaal"
"165",291,"0193644042"," 4 januari 2024 07:02",NA,0,51.1786775298194,3.46372401914701,"H","Maldegem-Kleit/Ede","01S02_445","VMM","Provincie Oost-Vlaanderen","0","Bekken Brugse polders","Normaal"
"166",293,"0197846042"," 4 januari 2024 07:02",NA,0,50.8347830937851,4.56327645469557,"H","Vossem/Voer/Dorpsstraat","01S08_11D","VMM","Provincie Vlaams-Brabant","","Dijlebekken","Normaal"
"167",296,"0193760042"," 4 januari 2024 07:02",NA,0,50.7567461502784,5.71331416796086,"H","Moelingen/Berwijn","01L11_561","VMM","VMM","1","Maasbekken","Normaal"
"168",297,"0488055010"," 4 januari 2024 07:15",NA,0,50.7902063434032,3.49515886190907,"H","Kerkhove Afwaarts DVW/Bovenschelde","04WW046-AFW-1073","MOW-HIC","DVW-ARW","0","Boven-Scheldebekken","Normaal"
"169",298,"0494260010"," 4 januari 2024 07:10",NA,0,51.1272194876683,4.64896482005007,"W","Kessel tij/Grote Nete","04gnt02a-1066","MOW-HIC","HIC","0","Netebekken","Normaal"
"170",299,"0193072042"," 4 januari 2024 07:02",NA,0,50.8205440870698,5.10118388305137,"H","Zoutleeuw/Dormaalbeek","01L09_157","VMM","VMM","0","Demerbekken","Normaal"
"171",300,"0487827010"," 4 januari 2024 07:15",NA,0,51.0388055397495,4.445888708107,"H","Battel Sluis Afwaarts DVW/Kl Leuven-Dijle","04LD-BAT-AFW-1095","MOW-HIC","DVW-ARC","0","Dijlebekken","Normaal"
"172",301,"0193208042"," 4 januari 2024 07:02",NA,0,51.2297818205737,4.53135925019035,"H","Wijnegem/Zwanebeek_WezelseBeek","01S04_00B","VMM","Provincie Antwerpen","0","Beneden-Scheldebekken","Normaal"
"173",302,"0487999010"," 4 januari 2024 07:15",NA,0,50.8538940005746,3.30468212371358,"H","Harelbeke Opwaarts DVW/Leie","04WW055-OPW-1073","MOW-HIC","DVW-ARW","0","Leiebekken","Normaal"
"174",304,"01122332042"," 4 januari 2024 07:02",NA,0,51.1642928484385,3.92508027836769,"H","Moerbeke/Bosbeek","01S03_305","VMM","Polder Moervaart en Zuidlede","0","Bekken Gentse kanalen","Normaal"
"175",305,"0488319010"," 4 januari 2024 07:15",NA,0,51.1160896128375,4.30129191492925,"H","Wintam Sluis Opwaarts DVW/Kl Brussel-Schelde","04BS-WIN-OPW-1095","MOW-HIC","DVW-ARC","0","Beneden-Scheldebekken","Normaal"
"176",307,"04123827010"," 4 januari 2024 07:15",NA,0,50.7502505490081,3.41085710507397,"H","Bossuit Afwaarts DVW/Kl Bossuit-Kortrijk","04WW003-AFW-1073","MOW-HIC","DVW-ARW","0","Boven-Scheldebekken","Normaal"
"177",308,"0488155010"," 4 januari 2024 07:15",NA,0,51.0960072297065,3.56361332032583,"H","Merendree Afwaarts DVW/Afleidingskl Leie","04OW013-AFW-1073","MOW-HIC","DVW-ARW","0","Bekken Gentse kanalen","Normaal"
"178",309,"04117001010"," 4 januari 2024 07:15",NA,0,50.8234385686477,3.3445454174053,"H","Zwevegem Afwaarts DVW/Kl Bossuit-Kortrijk","04WW016-AFW-1073","MOW-HIC","DVW-ARW","0","Leiebekken","Normaal"
"179",313,"04111841010"," 4 januari 2024 07:14",NA,0,51.012686605564,3.95968643106267,"W","Uitbergen tij/Zeeschelde","04zes52a-1066","MOW-HIC","HIC","0","Beneden-Scheldebekken","Normaal"
"180",316,"0487931010"," 4 januari 2024 07:15",NA,0,50.9445780199383,4.41959375807131,"H","Grimbergen Willemsbrug DVW/Kl Brussel-Schelde","04BS-WIL-1095","MOW-HIC","DVW-ARC","0","Dijlebekken","Normaal"
"181",317,"01249309042"," 4 januari 2024 07:02",NA,0,51.1722654238434,3.19915953409734,"H","StMichiels/GOG Kon Albertlaan/Kerkebeek","01KL02_008A","VMM","VMM","0","Bekken Brugse polders","Normaal"
"182",318,"01122606042"," 4 januari 2024 07:02",NA,0,50.8501660221777,5.32569992239667,"H","Wellen/Herk","01LS09_165","VMM","VMM","","Demerbekken","Normaal"
"183",319,"01282013042"," 4 januari 2024 07:02",NA,0,50.827263,3.603416,"H","Oudenaarde/Maarkebeek/Wolfabriekstraat","01L06_34T","VMM","VMM","","Boven-Scheldebekken","Normaal"
"184",320,"0193748042"," 4 januari 2024 07:02",NA,0,51.1661238697964,5.59818221582673,"H","Bree/Abeek","01L11_513","VMM","VMM","0","Maasbekken","Normaal"
"185",323,"0494248010"," 4 januari 2024 07:14",NA,0,51.3483272650829,4.23793225487478,"W","Prosperpolder tij/Zeeschelde","04zes01a-1066","MOW-HIC","HIC","0","Beneden-Scheldebekken","Normaal"
"186",324,"0487795010"," 4 januari 2024 07:00",NA,0,51.2054361571522,3.51544932206897,"H","Adegem-Balgerhoeke Opwaarts/Afleidingskl Leie","04akl03e-1066","MOW-HIC","HIC","0","Bekken Brugse polders","Normaal"
"187",326,"0193292042"," 4 januari 2024 07:02",NA,0,51.2478313768817,5.00613235229208,"H","Kasterlee/Rodeloop","01L10_066","VMM","VMM","0","Netebekken","Normaal"
"188",327,"0494259010"," 4 januari 2024 07:10",NA,0,51.1580292884363,4.60863356356411,"W","Emblem tij/Kleine Nete","04knt01a-1066","MOW-HIC","HIC","0","Netebekken","Normaal"
"189",329,"0488353010"," 4 januari 2024 07:10",NA,0,51.1263594865992,4.57182534722477,"W","Lier Molbrug tij/Nete","04bnt07a-1066","MOW-HIC","HIC","1","Netebekken","Normaal"
"190",331,"0488271010"," 4 januari 2024 07:00",NA,0,51.1647003214506,2.83147874030207,"H","Slijpe/Kl Nieuwpoort-Plassendale","04kpn03a-1066","MOW-HIC","HIC","0","Ijzerbekken","Normaal"
"191",334,"0488195010"," 4 januari 2024 07:00",NA,0,50.8473559891133,3.61542461704155,"H","Oudenaarde Opwaarts/Bovenschelde","04bos04e-1066","MOW-HIC","HIC","1","Boven-Scheldebekken","Normaal"
"192",335,"0494247010"," 4 januari 2024 07:14",NA,0,51.0233894164018,4.49703107901109,"W","Mechelen Stuw Opwaarts tij/Dijle","04dij08a-1066","MOW-HIC","HIC","0","Dijlebekken","Normaal"
"193",336,"0193236042"," 4 januari 2024 07:02",NA,0,50.9545692167117,4.2348591533389,"H","Merchtem/Grote Molenbeek","01L04_038","VMM","VMM","0","Beneden-Scheldebekken","Normaal"
"194",338,"0487895010"," 4 januari 2024 07:15",NA,0,51.0004496219408,4.07779487812117,"H","Denderbelle Opwaarts DVW/Dender","04OW402-OPW-1073","MOW-HIC","DVW-ARW","0","Denderbekken","Normaal"
"195",340,"0488349010"," 4 januari 2024 07:10",NA,0,50.9935893541414,3.72416961167136,"W","Zwijnaarde Afwaarts DVW/Tijarm","04OW007-AFW-1073","MOW-HIC","DVW-ARW","0","Boven-Scheldebekken","Normaal"
"196",342,"0487843010"," 4 januari 2024 07:15",NA,0,50.9097599424878,2.84989373042173,"H","Boezinge sas Opwaarts DVW/Kl Ieper-Ijzer","04WP006-OPW-1073","MOW-HIC","DVW-ARW","0","Ijzerbekken","Normaal"
"197",343,"01122302042"," 4 januari 2024 07:02",NA,0,51.2457777221577,3.53042230732692,"H","Sint-Laureins/Leopoldkanaal","01L02_437","VMM","VMM","0","Bekken Brugse polders","Normaal"
"198",344,"0198071042"," 4 januari 2024 07:02",NA,0,50.931219187634,4.34115714720804,"H","Meise/Amelvonnesbeek","01S08_236","VMM","Provincie Vlaams-Brabant","","Dijlebekken","Normaal"
"199",345,"0488211010"," 4 januari 2024 07:00",NA,0,51.2082197064021,3.0025632166293,"H","Oudenburg-Plassendale/Kl Nieuwpoort-Plassendale","04kpn04a-1066","MOW-HIC","HIC","1","Ijzerbekken","Normaal"
"200",346,"01122377042"," 4 januari 2024 07:02",NA,0,51.2399551202112,4.2036583465568,"H","Verrebroek/Waterloop van de Hoge Landen","01L04_00E","VMM","VMM","0","Beneden-Scheldebekken","Normaal"
"201",348,"01227066042"," 4 januari 2024 07:00",NA,0,50.912244189585,4.60880646868609,"H","Erps_Kwerps/Leibeek","01S08_11T","VMM","Provincie Vlaams-Brabant","","Dijlebekken","Normaal"
"202",350,"0193076042"," 4 januari 2024 07:02",NA,0,50.8037056067816,5.06436157092958,"H","Orsmaal/Kleine_Gete","01L09_159","VMM","VMM","0","Demerbekken","Normaal"
"203",351,"0494236010"," 4 januari 2024 07:14",NA,0,51.0437900367676,4.08683739256243,"W","Dendermonde Afwaarts DVW tij/Zeeschelde","04OW401-AFW-1073","MOW-HIC","DVW-ARW","0","Denderbekken","Normaal"
"204",352,"0488235010"," 4 januari 2024 07:00",NA,0,50.7844688516595,4.28839005991179,"H","Ruisbroek/Kl Brussel-Charleroi","04kbc02g-1066","MOW-HIC","HIC","0","Dijlebekken","Normaal"
"205",355,"0193064042"," 4 januari 2024 07:02",NA,0,50.7892317923877,4.91913138896074,"H","Oorbeek/Grote Gete","01L09_155","VMM","VMM","0","Demerbekken","Normaal"
"206",356,"04123823010"," 4 januari 2024 07:15",NA,0,50.8934151208999,2.86677106613346,"H","Boezinge dorp Afwaarts DVW/Kl Ieper-Ijzer","04WP005-AFW-1073","MOW-HIC","DVW-ARW","0","Ijzerbekken","Normaal"
"207",360,"01245132042"," 4 januari 2024 07:02",NA,0,50.7915540177442,3.62257299330959,"H","Nukerke/Molenbeek","01L06_34D","VMM","VMM","","Boven-Scheldebekken","Normaal"
"208",362,"0488023010"," 4 januari 2024 07:15",NA,0,50.7990566788425,3.92956847917018,"H","Idegem Opwaarts DVW/Dender","04OW407-OPW-1073","MOW-HIC","DVW-ARW","0","Denderbekken","Normaal"
"209",363,"0193494042"," 4 januari 2024 07:02",NA,0,50.9456273918501,4.40122490688286,"H","Grimbergen/Maalbeek","01L08_231","VMM","VMM","0","Dijlebekken","Normaal"
"210",364,"04123879010"," 4 januari 2024 07:15",NA,0,50.9998007898177,4.37157514332678,"H","Zemst Sluis Afwaarts DVW/Kl Brussel-Schelde","04BS-ZEM-AFW-1095","MOW-HIC","DVW-ARC","0","Dijlebekken","Normaal"
"211",366,"0494258010"," 4 januari 2024 07:14",NA,0,50.9952185731875,4.4640761435914,"W","Zemst tij/Zenne","04zen02a-1066","MOW-HIC","HIC","0","Dijlebekken","Normaal"
"212",367,"0488079010"," 4 januari 2024 07:15",NA,0,50.7086017405634,4.22148536085092,"H","Lembeek Sluis Opwaarts DVW/Kl Brussel-Charleroi","04KC-LEM-OPW-1095","MOW-HIC","DVW-ARC","0","Dijlebekken","Normaal"
"213",368,"0494235010"," 4 januari 2024 07:14",NA,0,51.0844137690576,4.360221382724,"W","Boom Rupelbrug DVW tij/Rupel","04BS-RUP-1095","MOW-HIC","DVW-ARC","0","Beneden-Scheldebekken","Normaal"
"214",372,"01303562042"," 4 januari 2024 07:00",NA,0,50.7972443822579,4.64296518846761,"Hopw","St-Agatha-Rode/Grand Marbaise/schuif/opwaarts","01K08_11Y","VMM","VMM","","Dijlebekken","Normaal"
"215",374,"0488091010"," 4 januari 2024 07:00",NA,0,50.9576956414314,2.73610386763003,"H","Lo-Fintele/Lokl","04lok03c-1066","MOW-HIC","HIC","0","Ijzerbekken","Normaal"
"216",378,"01277172042"," 4 januari 2024 07:02",NA,0,50.8124284499878,3.61266412679552,"H","Etikhove/Maria Borrebeek","01L06_348","VMM","VMM","0","Boven-Scheldebekken","Normaal"
"217",379,"0487819010"," 4 januari 2024 07:15",NA,0,50.9172286264315,3.66554479873377,"H","Asper Afwaarts DVW/Bovenschelde","04OW098-AFW-1073","MOW-HIC","DVW-ARW","0","Boven-Scheldebekken","Normaal"
"218",380,"01122389042"," 4 januari 2024 07:02",NA,0,51.2484702495496,4.11819874047132,"H","Sint-Gillis-Waas/Notendijk","01S04_00K","VMM","Polder Land van Waas","0","Beneden-Scheldebekken","Normaal"
"219",381,"0193540042"," 4 januari 2024 07:02",NA,0,50.8854183462459,3.68613009931733,"H","Nederzwalm/Zwalmbeek","01L06_342","VMM","VMM","1","Boven-Scheldebekken","Normaal"
"220",383,"04111840010"," 4 januari 2024 07:14",NA,0,51.0925568254726,4.17099518412598,"W","Driegoten tij/Zeeschelde","04zes39a-1066","MOW-HIC","HIC","0","Beneden-Scheldebekken","Normaal"
"221",389,"0193624042"," 4 januari 2024 07:02",NA,0,51.1747308774943,2.91215517139285,"H","Snaaskerke/Provinciegeleed","01L01_42J","VMM","VMM","0","Ijzerbekken","Normaal"
"222",390,"0193100042"," 4 januari 2024 07:02",NA,0,50.8920316329066,5.52548541263401,"H","Munsterbilzen/Munsterbeek","01L09_168","VMM","VMM","0","Demerbekken","Normaal"
"223",391,"0484214010"," 4 januari 2024 07:15",NA,0,50.9378462498414,4.04590105078196,"H","Aalst Opwaarts DVW/Dender","04OW403-OPW-1073","MOW-HIC","DVW-ARW","0","Denderbekken","Normaal"
"224",395,"0193656042"," 4 januari 2024 07:02",NA,0,51.2824746226093,3.28891789899332,"H","Oostkerke/Zwinnevaart","01L02_456","VMM","VMM","0","Bekken Brugse polders","Normaal"
"225",396,"01120650042"," 4 januari 2024 07:02",NA,0,51.1802289652206,2.95611557559961,"H","Oudenburg/Moerdijkvaart","01KL01_311","VMM","VMM","0","Ijzerbekken","Normaal"
"226",397,"0487979010"," 4 januari 2024 07:15",NA,0,51.1830644493435,4.72216724308325,"H","Grobbendonk Opwaarts Krooshekken/Kleine Nete","04knt03m-1115","MOW-HIC","HIC-DVW","0","Netebekken","Normaal"
"227",398,"0488291010"," 4 januari 2024 07:15",NA,0,50.9398630897454,4.6651138839872,"H","Tildonk Sluis Afwaarts DVW/Kl Leuven-Dijle","04LD-TIL-AFW-1095","MOW-HIC","DVW-ARC","0","Dijlebekken","Normaal"
"228",399,"0494246010"," 4 januari 2024 07:14",NA,0,51.0236412648524,4.49688924255756,"W","Mechelen Stuw Afwaarts tij/Dijle","04dij07a-1066","MOW-HIC","HIC","0","Dijlebekken","Normaal"
"229",404,"0193716042"," 4 januari 2024 07:02",NA,0,50.9182861735234,2.84176626642422,"H","Boezinge/Ieperlee","01L01_495","VMM","VMM","0","Ijzerbekken","Normaal"
"230",405,"04116985010"," 4 januari 2024 07:10",NA,0,50.9993091666234,4.58524634250655,"H","Rijmenam/Dijle","04dij10a-1066","MOW-HIC","HIC","0","Dijlebekken","Normaal"
"231",408,"0488003010"," 4 januari 2024 07:15",NA,0,50.8556936719394,3.30684294601726,"H","Harelbeke Afwaarts DVW/Leie","04WW055-AFW-1073","MOW-HIC","DVW-ARW","0","Leiebekken","Normaal"
"232",409,"01278253042"," 4 januari 2024 07:02",NA,0,50.9067525913702,3.57874295119978,"H","Huise opw/Plankbeek","01L06_34L","VMM","VMM","1","Boven-Scheldebekken","Normaal"
"233",411,"01122324042"," 4 januari 2024 07:02",NA,0,51.1510437480668,3.94728726971344,"H","Moerbeke/Zuidlede","01L03_303","VMM","VMM","0","Bekken Gentse kanalen","Normaal"
"234",412,"0494245010"," 4 januari 2024 07:14",NA,0,51.0337791650306,4.46707629465085,"W","Mechelen Benedensluis tij/Dijle","04dij06a-1066","MOW-HIC","HIC","0","Dijlebekken","Normaal"
"235",414,"04126390010"," 4 januari 2024 07:14",NA,0,51.0640288228096,4.43026737153192,"W","Zennegat Afwaarts DVW tij/Dijle","04LD-ZEN-AFW-1095","MOW-HIC","DVW-ARC","0","Dijlebekken","Normaal"
"236",415,"0488059010"," 4 januari 2024 07:00",NA,0,50.8345989004597,3.27036380974287,"H","Kortrijk/Leie","04lei09a-1066","MOW-HIC","HIC","0","Leiebekken","Normaal"
"237",416,"0193668042"," 4 januari 2024 07:02",NA,0,51.2816187231575,3.27013220321965,"H","Dudzele/Ronselarebeek","01S02_45B","VMM","Oostkustpolder","0","Bekken Brugse polders","Normaal"
"238",418,"01122346042"," 4 januari 2024 07:02",NA,0,51.1099420031053,3.7693759596302,"H","Oostakker/Wittewalle","01S03_309","VMM","Polder Moervaart en Zuidlede","0","Bekken Gentse kanalen","Normaal"
"239",419,"0193564042"," 4 januari 2024 07:02",NA,0,50.8824186599493,3.55658487352404,"H","Wannegem-Lede/Stampkotbeek","01L06_34F","VMM","VMM","0","Boven-Scheldebekken","Normaal"
"240",424,"0488339010"," 4 januari 2024 07:00",NA,0,50.9915081020793,3.72241218573518,"H","Zwijnaarde/Bovenschelde","04bos01o-1066","MOW-HIC","HIC","0","Boven-Scheldebekken","Normaal"
"241",425,"0193388042"," 4 januari 2024 07:02",NA,0,50.8670749442317,4.6989602849318,"H","Heverlee/Molenbeek","01L08_115","VMM","VMM","0","Dijlebekken","Normaal"
"242",427,"0488047010"," 4 januari 2024 07:00",NA,0,50.7867091851619,3.49030427575471,"H","Kerkhove Opwaarts/Bovenschelde","04bos04o-1066","MOW-HIC","HIC","0","Boven-Scheldebekken","Normaal"
"243",431,"0193844042"," 4 januari 2024 06:15",NA,0,50.8916058938363,4.44812491620403,"Hopw","Diegem/Woluwe/rooster","01K08_050","VMM","VMM","0","Dijlebekken","Normaal"
"244",432,"0488223010"," 4 januari 2024 07:15",NA,0,50.829687059455,4.00959479619852,"H","Pollare Opwaarts DVW/Dender","04OW406-OPW-1073","MOW-HIC","DVW-ARW","0","Denderbekken","Normaal"
"245",433,"0193156042"," 4 januari 2024 07:02",NA,0,50.9425818026234,4.06203208759448,"H","Aalst/Molenbeek","01L07_28C","VMM","VMM","0","Denderbekken","Normaal"
"246",434,"0494234010"," 4 januari 2024 07:14",NA,0,51.2964240105486,4.28599427986303,"W","Liefkenshoek tij/Zeeschelde","04zes10a-1066","MOW-HIC","HIC","0","Beneden-Scheldebekken","Normaal"
"247",437,"0488107010"," 4 januari 2024 07:15",NA,0,50.7660068751485,4.2692524831704,"H","Lot Sluis Opwaarts DVW/Kl Brussel-Charleroi","04KC-LOT-OPW-1095","MOW-HIC","DVW-ARC","0","Dijlebekken","Normaal"
"248",19,"04123843010"," 4 januari 2024 07:15",NA,1,51.090384958517,3.67175040664054,"H","Evergem Afwaarts DVW/Ringvaart","04OW023-AFW-1073","MOW-HIC","DVW-ARW","0","Bekken Gentse kanalen","Pre-Waak"
"249",25,"0484259010"," 4 januari 2024 07:15",NA,1,51.2429346602544,3.40159776749754,"H","Maldegem DVW/Afleidingskl Leie","04OW014A-1073","MOW-HIC","DVW-ARW","1","Bekken Brugse polders","Pre-Waak"
"250",38,"0488139010"," 4 januari 2024 07:00",NA,1,51.0117666194,3.73874789229143,"H","Merelbeke 700m Opwaarts/Ringvaart","04rvg05a-1066","MOW-HIC","HIC","0","Bekken Gentse kanalen","Pre-Waak"
"251",39,"0493630010"," 4 januari 2024 07:10",NA,1,50.8895268896897,5.68307396843956,"H","Lanaken-Smeermaas rkm 18.4/Maas","04maa08a-1066","MOW-HIC","HIC","0","Maasbekken","Pre-Waak"
"252",66,"0487947010"," 4 januari 2024 07:15",NA,1,51.0888683616123,3.66310897400762,"H","Evergem Stuw Opwaarts DVW/Ringvaart","04OW023-ST-OPW-1073","MOW-HIC","DVW-ARW","0","Bekken Gentse kanalen","Pre-Waak"
"253",99,"0493480010"," 4 januari 2024 06:50",NA,1,50.8285781695272,5.69674242342051,"Q","Sint-Pieter Noord rkm 10.8/Maas","04SINT-WL1-1060","MOW-HIC","RWS","1","Maasbekken","Pre-Waak"
"254",115,"04123855010"," 4 januari 2024 07:15",NA,1,51.036808325104,3.68395339904117,"H","Gent Keersluis K2 DVW/Ringvaart","04OW016-OPW-1073","MOW-HIC","DVW-ARW","0","Bekken Gentse kanalen","Pre-Waak"
"255",116,"0487959010"," 4 januari 2024 07:00",NA,1,51.0917611957756,4.94610627193861,"H","Geel-Zammel/Grote Nete","04gnt07a-1066","MOW-HIC","HIC","1","Netebekken","Pre-Waak"
"256",117,"0488011010"," 4 januari 2024 07:00",NA,1,50.7286988247255,3.38788014170151,"H","Helkijn/Bovenschelde","04bos05m-1066","MOW-HIC","HIC","1","Boven-Scheldebekken","Pre-Waak"
"257",128,"0487975010"," 4 januari 2024 07:10",NA,1,51.1887369271052,4.74236404327005,"H","Grobbendonk Troon/Kleine Nete","04knt03a-1066","MOW-HIC","HIC","1","Netebekken","Pre-Waak"
"258",136,"04123839010"," 4 januari 2024 07:15",NA,1,51.1975757986625,3.22257683311064,"H","Brugge DVW/Kerkebeek","04WW044-OPW-KER-1073","MOW-HIC","DVW-ARW","0","Bekken Brugse polders","Pre-Waak"
"259",137,"0488263010"," 4 januari 2024 07:00",NA,1,50.9134704825591,3.4288159529755,"H","Sint-Baafs-Vijve 1200m Afwaarts/Leie","04lei06b-1066","MOW-HIC","HIC","1","Leiebekken","Pre-Waak"
"260",164,"0487867010"," 4 januari 2024 07:00",NA,1,51.2205853491119,3.23543773788114,"H","Brugge Afwaarts/Zuidervaart","04lek13c-1066","MOW-HIC","HIC","0","Bekken Brugse polders","Pre-Waak"
"261",179,"0488207010"," 4 januari 2024 07:00",NA,1,51.20996072301,3.00385759798676,"H","Oudenburg-Plassendale/Kl Gent-Oostende","04kgo02a-1066","MOW-HIC","HIC","0","Bekken Brugse polders","Pre-Waak"
"262",210,"04123897010"," 4 januari 2024 07:10",NA,1,51.0898770105087,3.66643384043862,"H","Evergem/Ringvaart","04rvg03a-1066","MOW-HIC","HIC","0","Bekken Gentse kanalen","Pre-Waak"
"263",214,"0487951010"," 4 januari 2024 07:00",NA,1,51.0877134881815,3.6594010889156,"H","Evergem Opwaarts/Ringvaart","04rvg04e-1066","MOW-HIC","HIC","1","Bekken Gentse kanalen","Pre-Waak"
"264",230,"0488295010"," 4 januari 2024 07:00",NA,1,51.2085876631042,3.12554729443742,"H","Varsenare/Kl Gent-Oostende","04kgo03a-1066","MOW-HIC","HIC","1","Bekken Brugse polders","Pre-Waak"
"265",253,"0488283010"," 4 januari 2024 07:00",NA,1,51.0085585010976,4.95488273057215,"H","Testelt/Demer","04dem03a-1066","MOW-HIC","HIC","0","Demerbekken","Pre-Waak"
"266",270,"0488365010"," 4 januari 2024 07:10",NA,1,51.0082606719556,3.75112619633171,"W","Merelbeke Afwaarts DVW tij/Zeeschelde","04OW006-AFW-1073","MOW-HIC","DVW-ARW","0","Beneden-Scheldebekken","Pre-Waak"
"267",282,"0488307010"," 4 januari 2024 07:00",NA,1,51.0708621988632,2.66826431065749,"H","Veurne Afwaarts/Kl Nieuwpoort-Duinkerke","04kdn03a-1066","MOW-HIC","HIC","1","Ijzerbekken","Pre-Waak"
"268",289,"0488259010"," 4 januari 2024 07:15",NA,1,50.911470145465,3.41375531602516,"H","Sint-Baafs-Vijve Afwaarts DVW/Leie","04WW006-AFW-1073","MOW-HIC","DVW-ARW","0","Leiebekken","Pre-Waak"
"269",294,"0488171010"," 4 januari 2024 07:00",NA,1,51.1332743804574,2.75703463011376,"H","Nieuwpoort/Kl Nieuwpoort-Duinkerke","04kdn02a-1066","MOW-HIC","HIC","0","Ijzerbekken","Pre-Waak"
"270",295,"0493633010"," 4 januari 2024 07:10",NA,1,51.00640264914,5.76598473411517,"H","Meeswijk Veer rkm 39.0/Maas","04maa05a-1066","MOW-HIC","HIC","0","Maasbekken","Pre-Waak"
"271",312,"0493634010"," 4 januari 2024 07:10",NA,1,51.0300480452487,5.75972172954305,"H","Negenoord rkm 42.5/Maas","04maa04a-1066","MOW-HIC","HIC","0","Maasbekken","Pre-Waak"
"272",314,"0488331010"," 4 januari 2024 07:00",NA,1,51.0025986121973,4.99157972958855,"H","Zichem/Demer","04dem04a-1066","MOW-HIC","HIC","1","Demerbekken","Pre-Waak"
"273",328,"0488183010"," 4 januari 2024 07:15",NA,1,51.1051858897743,2.70004917542254,"H","Oostduinkerke-Wulpen DVW/Kl Nieuwpoort-Duinkerke","04WA004-1073","MOW-HIC","DVW-ARW","0","Ijzerbekken","Pre-Waak"
"274",333,"0493632010"," 4 januari 2024 07:10",NA,1,51.0949023304731,5.80144022412333,"H","Maaseik rkm 52.8/Maas","04maa02a-1066","MOW-HIC","HIC","0","Maasbekken","Pre-Waak"
"275",349,"0488119010"," 4 januari 2024 07:00",NA,1,51.1488903498375,3.82494273744414,"H","Mendonk/Moervaart","04moe02a-1066","MOW-HIC","HIC","1","Bekken Gentse kanalen","Pre-Waak"
"276",353,"0488143010"," 4 januari 2024 07:15",NA,1,51.0096020719303,3.74637779158677,"H","Merelbeke Opwaarts DVW/Ringvaart","04OW006-OPW-1073","MOW-HIC","DVW-ARW","0","Beneden-Scheldebekken","Pre-Waak"
"277",385,"0488015010"," 4 januari 2024 07:10",NA,1,51.0618504955415,4.78778097430423,"H","Hulshout/Grote Nete","04gnt05a-1066","MOW-HIC","HIC","0","Netebekken","Pre-Waak"
"278",394,"04115043010"," 4 januari 2024 07:00",NA,1,50.9922770639839,4.86974289165077,"H","Langdorp/Demer","04dem02r-1066","MOW-HIC","HIC","0","Demerbekken","Pre-Waak"
"279",403,"04123847010"," 4 januari 2024 07:15",NA,1,51.0123795288416,3.7395578965078,"H","Gent Keersluis E3 DVW/Ringvaart","04OW018-OPW-1073","MOW-HIC","DVW-ARW","0","Bekken Gentse kanalen","Pre-Waak"
"280",421,"04110686010"," 4 januari 2024 07:10",NA,1,50.9291969136869,5.73094865917748,"H","Uikhoven rkm 25.3/Maas","04maa06x-1066","MOW-HIC","HIC","0","Maasbekken","Pre-Waak"
"281",435,"0487863010"," 4 januari 2024 07:00",NA,1,51.2205853491119,3.23543773788114,"H","Brugge Opwaarts/Zuidervaart","04lek13e-1066","MOW-HIC","HIC","0","Bekken Brugse polders","Pre-Waak"
"282",1,"04119931010"," 4 januari 2024 07:15",NA,2,51.0888611539389,3.66793352691131,"H","Evergem Sluis Opwaarts DVW/Ringvaart","04OW023-SL-OPW-1073","MOW-HIC","DVW-ARW","0","Bekken Gentse kanalen","Waak"
"283",7,"0193652042"," 4 januari 2024 07:02",NA,2,51.3276668598462,3.23826941308934,"H","Heist/Isabellavaart","01L02_455","VMM","VMM","1","Bekken Brugse polders","Waak"
"284",11,"0193056042"," 4 januari 2024 07:02",NA,2,50.8632192243773,5.10694928507997,"H","Budingen/Gete","01L09_153","VMM","VMM","1","Demerbekken","Waak"
"285",15,"01303300042"," 4 januari 2024 07:00",NA,2,50.9855693760846,4.4913586067665,"H","Weerde/Barebeek/Vriezenbroek","01L08_11W","VMM","VMM","","Dijlebekken","Waak"
"286",22,"01196397042"," 4 januari 2024 07:02",NA,2,50.8726683448545,5.14170838811378,"H","Rummen/Melsterbeek/Lutzestraat","01L09_15K","VMM","VMM","1","Demerbekken","Waak"
"287",24,"0193640042"," 4 januari 2024 07:02",NA,2,51.2043430849029,3.43957314555544,"H","Maldegem/Ede","01L02_442","VMM","VMM","0","Bekken Brugse polders","Waak"
"288",30,"01200179042"," 4 januari 2024 07:02",NA,2,50.998289571452,4.30232652526809,"H","Londerzeel/Kleine Molenbeek","01S04_03J","VMM","Provincie Vlaams-Brabant","","Beneden-Scheldebekken","Waak"
"289",32,"0197946042"," 4 januari 2024 07:00",NA,2,50.9771622425665,4.66408298012881,"H","Haacht/Binnenbeek/Bessemhoefweg","01S08_11H","VMM","Provincie Vlaams-Brabant","","Dijlebekken","Waak"
"290",33,"0193664042"," 4 januari 2024 07:02",NA,2,51.2558548282932,3.27684205629911,"H","Damme/Rombautswerve","01S02_45A","VMM","Oostkustpolder","0","Bekken Brugse polders","Waak"
"291",36,"0193308042"," 4 januari 2024 07:02",NA,2,51.1447867525982,5.00390997840452,"H","Geel/Grote Nete","01L10_077","VMM","VMM","0","Netebekken","Waak"
"292",40,"0488151010"," 4 januari 2024 07:15",NA,2,51.0952527011388,3.56369768092487,"H","Merendree Opwaarts DVW/Afleidingskl Leie","04OW013-OPW-1073","MOW-HIC","DVW-ARW","0","Bekken Gentse kanalen","Waak"
"293",44,"0193744042"," 4 januari 2024 07:02",NA,2,51.181557780126,5.6382519561312,"H","Bocholt/Abeek","01L11_512","VMM","VMM","0","Maasbekken","Waak"
"294",45,"0193228042"," 4 januari 2024 07:02",NA,2,51.0449293192817,4.28067440536508,"H","Liezele/Molenbeek","01L04_036","VMM","VMM","1","Beneden-Scheldebekken","Waak"
"295",46,"0193616042"," 4 januari 2024 07:02",NA,2,51.2242229556945,2.96072737870374,"H","Bredene/Noordede","01L02_42B","VMM","VMM","0","Bekken Brugse polders","Waak"
"296",47,"0488255010"," 4 januari 2024 07:15",NA,2,50.9115284815914,3.41098120593817,"H","Sint-Baafs-Vijve Opwaarts DVW/Leie","04WW006-OPW-1073","MOW-HIC","DVW-ARW","0","Leiebekken","Waak"
"297",52,"01122545042"," 4 januari 2024 07:02",NA,2,51.2602731316268,5.42106412874749,"H","Neerpelt/Dommel","01L11_025","VMM","VMM","0","Maasbekken","Waak"
"298",56,"0193296042"," 4 januari 2024 07:02",NA,2,51.2464240021026,5.00874826555144,"H","Kasterlee/Wamp","01L10_067","VMM","VMM","0","Netebekken","Waak"
"299",59,"0193596042"," 4 januari 2024 07:02",NA,2,51.1758157779625,3.21005394249372,"H","Sint-Michiels/Kerkebeek","01L02_422","VMM","VMM","0","Bekken Brugse polders","Waak"
"300",61,"0197921042"," 4 januari 2024 07:00",NA,2,51.008611349865,4.72693259436862,"H","Tremelo/Vrouwvliet","01S08_11G","VMM","Provincie Vlaams-Brabant","","Dijlebekken","Waak"
"301",62,"0193020042"," 4 januari 2024 07:02",NA,2,50.9703885994376,4.89628871917745,"H","Rillaar/Grote Motte","01L09_144","VMM","VMM","0","Demerbekken","Waak"
"302",67,"0193604042"," 4 januari 2024 07:02",NA,2,51.125394007077,3.23521796970964,"H","Oostkamp/Rivierbeek","01L02_425","VMM","VMM","0","Bekken Brugse polders","Waak"
"303",72,"01279364042"," 4 januari 2024 07:02",NA,2,50.8445262586483,2.88560164677832,"H","Ieper/Majoorgracht","01KL01_306M","VMM","VMM","0","IJzerbekken","Waak"
"304",73,"0193264042"," 4 januari 2024 07:00",NA,2,51.1845412064944,4.83972946082155,"Hopw","Herentals/Kleine Nete","01L10_054","VMM","VMM","0","Netebekken","Waak"
"305",74,"0488299010"," 4 januari 2024 07:15",NA,2,51.0706915943356,2.65524100489211,"H","Veurne/Kl Nieuwpoort-Duinkerke","04kdn04a-1066","MOW-HIC","HIC","0","Ijzerbekken","Waak"
"306",78,"0193252042"," 4 januari 2024 07:02",NA,2,51.4175674796842,4.76983786467367,"H","Minderhout/Mark","01L11_047","VMM","VMM","0","Maasbekken","Waak"
"307",88,"0488231010"," 4 januari 2024 07:00",NA,2,50.9201498250921,2.62306717051891,"H","Roesbrugge/Ijzer","04ijz06a-1066","MOW-HIC","HIC","1","Ijzerbekken","Waak"
"308",95,"01122502042"," 4 januari 2024 07:02",NA,2,51.1854925030027,4.83785111924556,"H","Herentals/KleineNete_Nederrij","01L10_055","VMM","VMM","0","Netebekken","Waak"
"309",109,"0193688042"," 4 januari 2024 07:02",NA,2,51.0198187522371,2.80110896469757,"H","Oudekapelle/Grote Beverdijkvaart","01L01_489","VMM","VMM","1","Ijzerbekken","Waak"
"310",114,"0193032042"," 4 januari 2024 07:02",NA,2,51.0041405042071,5.01404017758695,"H","Molenstede/Zwart Water","01L09_147","VMM","VMM","0","Demerbekken","Waak"
"311",118,"0488470010"," 4 januari 2024 07:15",NA,2,51.2435824654966,3.40167026180972,"H","Maldegem DVW/Leopoldkl","04OW014L-1073","MOW-HIC","DVW-ARW","1","Bekken Brugse polders","Waak"
"312",121,"0192988042"," 4 januari 2024 07:02",NA,2,50.9912672205203,5.04136730087717,"H","Molenstede/Demer","01L09_126","VMM","VMM","0","Demerbekken","Waak"
"313",123,"0193608042"," 4 januari 2024 07:02",NA,2,51.1321070272095,3.25385780886021,"H","Oostkamp/Hertsbergebeek","01L02_426","VMM","VMM","1","Bekken Brugse polders","Waak"
"314",127,"01122481042"," 4 januari 2024 07:02",NA,2,50.9793611607155,5.18657488780507,"H","Lummen/Mangelbeek_Hemelrijkstr","01L09_162","VMM","VMM","0","Demerbekken","Waak"
"315",133,"0193340042"," 4 januari 2024 07:02",NA,2,51.1873090720353,5.1376131958914,"H","Mol/Molse_Nete","01S10_08B","VMM","Provincie Antwerpen","0","Netebekken","Waak"
"316",142,"04123863010"," 4 januari 2024 07:15",NA,2,51.0995302517137,4.01042394389291,"H","Lokeren Pompstation Opwaarts DVW/Bovendurme","04OP005-OPW-1073","MOW-HIC","DVW-ARW","0","Beneden-Scheldebekken","Waak"
"317",144,"0193288042"," 4 januari 2024 07:02",NA,2,51.29985723419,4.93542779830319,"H","Turnhout/De_Aa","01L10_064","VMM","VMM","1","Netebekken","Waak"
"318",148,"04115051010"," 4 januari 2024 07:10",NA,2,50.9692765054572,4.69217891181746,"H","Werchter/Dijle","04dij13a-1066","MOW-HIC","HIC","0","Dijlebekken","Waak"
"319",149,"0193580042"," 4 januari 2024 07:02",NA,2,50.8500912412946,3.13824903877794,"H","Moorsele/Heulebeek","01L05_404","VMM","VMM","1","Leiebekken","Waak"
"320",151,"04123913010"," 4 januari 2024 07:00",NA,2,50.9103217034162,2.60800111173615,"H","Haringe/Ijzer","04ijz07a-1066","MOW-HIC","HIC","0","Ijzerbekken","Waak"
"321",154,"0193684042"," 4 januari 2024 07:02",NA,2,51.0260247174047,3.0237867272261,"H","Kortemark/Handzamevaart","01L01_488","VMM","VMM","1","Ijzerbekken","Waak"
"322",155,"04123851010"," 4 januari 2024 07:15",NA,2,51.0865169243448,3.6607323192173,"H","Gent Keersluis K1 DVW/Ringvaart","04OW015-OPW-1073","MOW-HIC","DVW-ARW","0","Bekken Gentse kanalen","Waak"
"323",160,"01122435042"," 4 januari 2024 07:02",NA,2,50.751208179845,3.97110914987575,"H","Galmaarden/Mark","01L07_28E","VMM","VMM","","Denderbekken","Waak"
"324",165,"0488147010"," 4 januari 2024 07:00",NA,2,51.0899074227115,3.56287609346259,"H","Merendree/Afleidingskl Leie","04akl07a-1066","MOW-HIC","HIC","0","Bekken Gentse kanalen","Waak"
"325",174,"04123887010"," 4 januari 2024 07:00",NA,2,50.9433484538354,2.67218829689136,"H","Stavele/Ijzer","04ijz05m-1066","MOW-HIC","HIC","0","Ijzerbekken","Waak"
"326",176,"0193000042"," 4 januari 2024 07:02",NA,2,50.9625778565673,5.2280626095064,"H","Spalbeek/Demer","01L09_134","VMM","VMM","1","Demerbekken","Waak"
"327",182,"0488087010"," 4 januari 2024 07:00",NA,2,50.9571484191633,2.73619409474557,"H","Lo-Fintele/Ijzer","04ijz05e-1066","MOW-HIC","HIC","1","Ijzerbekken","Waak"
"328",185,"0487787010"," 4 januari 2024 07:00",NA,2,50.9852232219919,4.84085661217778,"H","Aarschot Opwaarts/Demer","04dem02m-1066","MOW-HIC","HIC","0","Demerbekken","Waak"
"329",187,"0193200042"," 4 januari 2024 07:02",NA,2,50.9783737126458,3.8790847082488,"H","Massemen/Molenbeek","01L04_009","VMM","VMM","1","Beneden-Scheldebekken","Waak"
"330",190,"0193196042"," 4 januari 2024 07:02",NA,2,51.1596096269097,4.28248959449215,"H","Bazel/Barbierbeek","01L04_008","VMM","VMM","0","Beneden-Scheldebekken","Waak"
"331",194,"0193012042"," 4 januari 2024 07:02",NA,2,50.9400341540623,4.73788979329733,"H","Rotselaar/Winge","01L09_141","VMM","VMM","1","Demerbekken","Waak"
"332",195,"01122317042"," 4 januari 2024 07:02",NA,2,51.1468063102868,3.83113923480161,"H","Mendonk/Zuidlede","01L03_301","VMM","VMM","1","Bekken Gentse kanalen","Waak"
"333",197,"0193068042"," 4 januari 2024 07:02",NA,2,50.860481270012,5.14799910375113,"H","Rummen/Melsterbeek","01L09_156","VMM","VMM","0","Demerbekken","Waak"
"334",199,"0193498042"," 4 januari 2024 07:00",NA,2,50.7784406210721,4.21186328740738,"H","Sint-Pieters-Leeuw/Zuunbeek","01L08_233","VMM","VMM","1","Dijlebekken","Waak"
"335",203,"0488251010"," 4 januari 2024 07:00",NA,2,50.9093479751093,3.40378795033366,"H","Sint-Baafs-Vijve 650m Opwaarts/Leie","04lei06f-1066","MOW-HIC","HIC","0","Leiebekken","Waak"
"336",204,"01122516042"," 4 januari 2024 07:02",NA,2,51.1384728822333,5.07861061179675,"H","Meerhout/Grote Nete","01L10_078","VMM","VMM","0","Netebekken","Waak"
"337",205,"0197871042"," 4 januari 2024 07:00",NA,2,50.9901203721497,4.6195845985579,"H","Haacht/Binnenbeek/Keerbergenbroek","01S08_11E","VMM","Provincie Vlaams-Brabant","","Dijlebekken","Waak"
"338",212,"0193592042"," 4 januari 2024 07:02",NA,2,50.9426290712543,3.37261259556254,"H","Oostrozebeke/Mandel","01L05_409","VMM","VMM","0","Leiebekken","Waak"
"339",213,"0193244042"," 4 januari 2024 07:02",NA,2,51.4075855222514,4.61792231871957,"H","Wuustwezel/Kleine Aa","01L11_044","VMM","VMM","0","Maasbekken","Waak"
"340",221,"04115047010"," 4 januari 2024 07:10",NA,2,50.979486200136,4.78170352375755,"H","Betekom/Demer","04dem01r-1066","MOW-HIC","HIC","0","Demerbekken","Waak"
"341",222,"01122575042"," 4 januari 2024 07:02",NA,2,50.7496277942774,5.81265901853645,"H","Sint-Martens-Voeren/Veurs","01L11_569","VMM","VMM","0","Maasbekken","Waak"
"342",223,"0487943010"," 4 januari 2024 07:00",NA,2,50.9200786511952,4.06002871846776,"H","Erembodegem/Dender","04den06a-1066","MOW-HIC","HIC","0","Denderbekken","Waak"
"343",225,"0487783010"," 4 januari 2024 07:00",NA,2,51.1069984381704,3.43509535017227,"H","Aalter/Kl Gent-Oostende","04kgo08a-1066","MOW-HIC","HIC","0","Bekken Brugse polders","Waak"
"344",232,"0193256042"," 4 januari 2024 07:02",NA,2,51.38125307534,4.82775110668571,"H","Merksplas/Mark","01L11_048","VMM","VMM","0","Maasbekken","Waak"
"345",237,"01122448042"," 4 januari 2024 07:02",NA,2,50.8228698761891,4.64084421044645,"H","Neerijse/Leigracht","01L08_11A","VMM","VMM","0","Dijlebekken","Waak"
"346",239,"0487875010"," 4 januari 2024 07:00",NA,2,51.2614920132062,3.30960538093213,"H","Damme/Leopoldkl","04lek03a-1066","MOW-HIC","HIC","0","Bekken Brugse polders","Waak"
"347",243,"0193372042"," 4 januari 2024 07:00",NA,2,50.9772322444793,4.49528085131631,"H","Elewijt/Barebeek","01L08_111","VMM","VMM","0","Dijlebekken","Waak"
"348",248,"01122506042"," 4 januari 2024 07:02",NA,2,51.2116086067994,4.69855685707164,"H","Pulle/Molenbeek","01L10_062","VMM","VMM","0","Netebekken","Waak"
"349",249,"0192996042"," 4 januari 2024 07:02",NA,2,50.96801734646,5.16413877896124,"H","Linkhout/Demer","01L09_132","VMM","VMM","0","Demerbekken","Waak"
"350",257,"04116993010"," 4 januari 2024 07:10",NA,2,51.0948066780143,4.04502657341674,"H","Zele/Durme","04dur07a-1066","MOW-HIC","HIC","0","Beneden-Scheldebekken","Waak"
"351",259,"01207643042"," 4 januari 2024 07:02",NA,2,51.0470815823963,2.80804092820308,"H","Lampernisse/Grote Beverdijkvaart","01KL01_350B","VMM","VMM","","Ijzerbekken","Waak"
"352",260,"0193084042"," 4 januari 2024 07:02",NA,2,50.9274229734314,5.22004991180517,"H","Spalbeek/Herk","01L09_163","VMM","VMM","0","Demerbekken","Waak"
"353",263,"0193600042"," 4 januari 2024 07:02",NA,2,51.157318674041,3.18772559141237,"H","Loppem/Kerkebeek","01L02_423","VMM","VMM","0","Bekken Brugse polders","Waak"
"354",264,"01183894042"," 4 januari 2024 07:02",NA,2,50.9979706481562,4.51057952348587,"H","Hofstade/Barebeek","01L08_11N","VMM","VMM","0","Dijlebekken","Waak"
"355",269,"0193336042"," 4 januari 2024 07:02",NA,2,51.1923842924486,5.13123091618589,"H","Mol/Scheppelijke_Neet","01S10_08A","VMM","Provincie Antwerpen","1","Netebekken","Waak"
"356",272,"01200206042"," 4 januari 2024 07:02",NA,2,51.0129303709821,4.34406660436635,"H","Kapelle-op-den-bos/Birrebeek","01S04_03K","VMM","Provincie Vlaams-Brabant","","Beneden-Scheldebekken","Waak"
"357",278,"0197996042"," 4 januari 2024 07:00",NA,2,50.9974231487054,4.55493692805425,"H","Hever/Dambeek","01S08_11J","VMM","Provincie Vlaams-Brabant","","Dijlebekken","Waak"
"358",283,"0193704042"," 4 januari 2024 07:02",NA,2,51.0170582998881,2.95447306090142,"H","Zarren/Zarrenbeek","01L01_48E","VMM","VMM","0","Ijzerbekken","Waak"
"359",284,"0193132042"," 4 januari 2024 07:02",NA,2,50.8765565554821,4.15679208149481,"H","Sint-Katarina-Lombeek/Hunselbeek","01L07_286","VMM","VMM","0","Denderbekken","Waak"
"360",288,"01122382042"," 4 januari 2024 07:02",NA,2,51.0902389587016,3.87869333204623,"H","Beervelde/Ledebeek","01L04_00G","VMM","VMM","0","Beneden-Scheldebekken","Waak"
"361",292,"0193048042"," 4 januari 2024 07:02",NA,2,50.9579204761169,5.11645501714626,"H","Halen/Gete+Herk","01L09_151","VMM","VMM","0","Demerbekken","Waak"
"362",306,"0193060042"," 4 januari 2024 07:02",NA,2,50.8551697714225,5.10892471891089,"H","Zoutleeuw/Kleine Gete","01L09_154","VMM","VMM","","Demerbekken","Waak"
"363",310,"0193660042"," 4 januari 2024 07:02",NA,2,51.2922961226654,3.11851006055307,"H","Uitkerke/Blankenbergsevaart","01L02_459","VMM","VMM","0","Bekken Brugse polders","Waak"
"364",315,"0488215010"," 4 januari 2024 07:00",NA,2,50.7620116683951,3.86733483005445,"H","Overboelare/Dender","04den12a-1066","MOW-HIC","HIC","1","Denderbekken","Waak"
"365",321,"0193224042"," 4 januari 2024 07:02",NA,2,51.1363829953584,4.35786595992588,"H","Aartselaar/Benedenvliet","01L04_035","VMM","VMM","1","Beneden-Scheldebekken","Waak"
"366",322,"0193176042"," 4 januari 2024 07:02",NA,2,50.8750058358769,2.60631721935347,"H","Watou/Heidebeek","01KL01_316","VMM","VMM","0","Ijzerbekken","Waak"
"367",330,"04120316010"," 4 januari 2024 07:00",NA,2,51.0009785859662,2.82874141859661,"H","Woumen/Ijzer","04ijz04c-1066","MOW-HIC","HIC","0","Ijzerbekken","Waak"
"368",332,"0193632042"," 4 januari 2024 07:02",NA,2,51.0736946201999,3.18054606123621,"H","Baliebrugge/Ringbeek","01L02_42M","VMM","VMM","0","Bekken Brugse polders","Waak"
"369",337,"0193368042"," 4 januari 2024 07:00",NA,2,50.9864316099146,4.5699323539549,"H","Boortmeerbeek/Weesbeek","01L08_110","VMM","VMM","1","Dijlebekken","Waak"
"370",339,"01183869042"," 4 januari 2024 07:00",NA,2,50.9908606170355,4.58161650787895,"H","Boortmeerbeek/Leibeek","01L08_11M","VMM","VMM","0","Dijlebekken","Waak"
"371",341,"0488303010"," 4 januari 2024 07:00",NA,2,51.0703883141457,2.66782486120186,"H","Veurne Opwaarts/Kl Nieuwpoort-Duinkerke","04kdn03c-1066","MOW-HIC","HIC","0","Ijzerbekken","Waak"
"372",357,"0488768010"," 4 januari 2024 07:00",NA,2,51.0223304151673,3.6396663123729,"H","Sint-Martens-Latem/Leie","04lei02a-1066","MOW-HIC","HIC","0","Leiebekken","Waak"
"373",359,"0193192042"," 4 januari 2024 07:02",NA,2,51.2157774555088,4.49511583219942,"H","Wijnegem/Groot Schijn","01L04_007","VMM","VMM","1","Beneden-Scheldebekken","Waak"
"374",365,"01122378042"," 4 januari 2024 07:02",NA,2,51.0742514836988,3.81077005973288,"H","Destelbergen/Ledebeek","01L04_00F","VMM","VMM","0","Beneden-Scheldebekken","Waak"
"375",369,"0193300042"," 4 januari 2024 07:02",NA,2,51.2395713205262,5.06954099551912,"H","Retie/Kleine Nete","01L10_068","VMM","VMM","1","Netebekken","Waak"
"376",370,"01122497042"," 4 januari 2024 07:02",NA,2,50.885043936698,5.3522771651357,"H","Wimmertingen/Oude Mombeek","01L09_16G","VMM","VMM","","Demerbekken","Waak"
"377",371,"0487791010"," 4 januari 2024 07:10",NA,2,50.9876514488363,4.82232337085118,"H","Aarschot Afwaarts/Demer","04dem02a-1066","MOW-HIC","HIC","1","Demerbekken","Waak"
"378",373,"0487831010"," 4 januari 2024 07:15",NA,2,51.1427139036383,3.29746344151818,"H","Beernem Opwaarts DVW/Kl Gent-Oostende","04WW064-OPW-1073","MOW-HIC","DVW-ARW","0","Bekken Brugse polders","Waak"
"379",376,"01245853042"," 4 januari 2024 07:02",NA,2,51.2955738077293,4.92434784118765,"H","Turnhout/De_Aa/Veedijk_bis","01L10_06B","VMM","VMM","1","Netebekken","Waak"
"380",377,"0488247010"," 4 januari 2024 07:00",NA,2,51.1555611084911,3.99990364679417,"H","Sinaai/Moervaart","04moe03a-1066","MOW-HIC","HIC","0","Bekken Gentse kanalen","Waak"
"381",382,"0193248042"," 4 januari 2024 07:02",NA,2,51.3361397715902,4.626836528743,"H","Brecht/KleineAa","01L11_046","VMM","VMM","0","Maasbekken","Waak"
"382",387,"0193576042"," 4 januari 2024 07:02",NA,2,50.8438233289046,3.23354061960327,"H","Heule/Heulebeek","01L05_403","VMM","VMM","1","Leiebekken","Waak"
"383",388,"01122296042"," 4 januari 2024 07:02",NA,2,51.2313956840322,3.15774291850508,"H","Meetkerke/Blankenbergsevaart","01L02_42F","VMM","VMM","0","Bekken Brugse polders","Waak"
"384",392,"0193052042"," 4 januari 2024 07:02",NA,2,50.9483172904748,5.11961756998792,"H","Halen/Gete","01L09_152","VMM","VMM","0","Demerbekken","Waak"
"385",393,"04123835010"," 4 januari 2024 07:15",NA,2,51.2218808791226,3.23350348257888,"H","Brugge Dampoortsluis Afwaarts DVW/Kl Gent-Oostende","04WW017-AFW-1073","MOW-HIC","DVW-ARW","0","Bekken Brugse polders","Waak"
"386",400,"01200341042"," 4 januari 2024 07:00",NA,2,50.9305561605679,4.57036934998288,"H","Kampenhout/Weesbeek","01S08_11Q","VMM","Provincie Vlaams-Brabant","","Dijlebekken","Waak"
"387",401,"0487967010"," 4 januari 2024 07:15",NA,2,50.7695289547576,3.88052397763262,"H","Geraardsbergen Opwaarts DVW/Dender","04OW408-OPW-1073","MOW-HIC","DVW-ARW","0","Denderbekken","Waak"
"388",402,"0193040042"," 4 januari 2024 07:02",NA,2,50.955485156647,4.89805649144033,"H","Tielt/Grote Motte","01L09_14A","VMM","VMM","0","Demerbekken","Waak"
"389",406,"01183844042"," 4 januari 2024 07:00",NA,2,51.0127354493679,4.58419569337913,"H","Bonheiden/Vrouwvliet","01L08_11L","VMM","VMM","0","Dijlebekken","Waak"
"390",407,"0193344042"," 4 januari 2024 07:02",NA,2,51.1589416357633,5.18547736724894,"H","Balen/Kleine_Hoofdgracht","01L10_08C","VMM","VMM","0","Netebekken","Waak"
"391",410,"0193376042"," 4 januari 2024 07:02",NA,2,50.8714768065269,4.69035345534783,"H","Heverlee/Voer","01L08_112","VMM","VMM","0","Dijlebekken","Waak"
"392",413,"0487807010"," 4 januari 2024 07:00",NA,2,51.0721463245677,2.60369087504063,"H","Adinkerke/Kl Nieuwpoort-Duinkerke","04kdn05a-1066","MOW-HIC","HIC","0","Ijzerbekken","Waak"
"393",420,"0193096042"," 4 januari 2024 07:02",NA,2,50.8777765762275,5.30994984850841,"H","Alken/Kleine_Herk","01L09_166","VMM","VMM","0","Demerbekken","Waak"
"394",422,"0193740042"," 4 januari 2024 07:02",NA,2,50.9833126503556,2.86641231522618,"H","Woumen/Blankaertvijver","01L01_49E","VMM","VMM","0","Ijzerbekken","Waak"
"395",423,"0193612042"," 4 januari 2024 07:02",NA,2,51.1588969744246,2.99761522163947,"H","Gistel/Moerdijkvaart","01L01_428","VMM","VMM","0","Ijzerbekken","Waak"
"396",426,"01225160042"," 4 januari 2024 07:02",NA,2,51.1865667573743,4.62724464120724,"H","Viersel/Tappelbeek","01KL10_310","VMM","provincie Antwerpen","","Netebekken","Waak"
"397",428,"0193680042"," 4 januari 2024 07:02",NA,2,51.2546780735953,3.24902134250692,"H","Damme/Ronselarebeek","01S02_45F","VMM","Oostkustpolder","0","Bekken Brugse polders","Waak"
"398",429,"01202505042"," 4 januari 2024 07:02",NA,2,51.0458389799816,3.38494661130488,"H","Ruiselede/Poekebeek","01L03_449","VMM","VMM","","Bekken Gentse kanalen","Waak"
"399",430,"0193216042"," 4 januari 2024 07:02",NA,2,51.2293632452892,5.42162583298207,"H","Overpelt/Dommel","01L11_022","VMM","VMM","1","Maasbekken","Waak"
"400",436,"0193332042"," 4 januari 2024 07:02",NA,2,51.2040895350296,5.18217620106325,"H","Mol/ScheppelijkeNete","01L10_089","VMM","VMM","0","Netebekken","Waak"
"401",5,"01196763042"," 4 januari 2024 07:02",NA,3,51.2909923967079,4.91099288099029,"H","Turnhout/De_Aa/Veedijk","01L10_06A","VMM","VMM","1","Netebekken","Alarm"
"402",71,"0487971010"," 4 januari 2024 07:15",NA,3,50.7700405889012,3.88033438514873,"H","Geraardsbergen Afwaarts DVW/Dender","04OW408-AFW-1073","MOW-HIC","DVW-ARW","1","Denderbekken","Alarm"
"403",79,"0488115010"," 4 januari 2024 07:00",NA,3,50.9761639541252,3.50350061937995,"H","Machelen/Leie","04lei04a-1066","MOW-HIC","HIC","0","Leiebekken","Alarm"
"404",81,"0488027010"," 4 januari 2024 07:15",NA,3,50.7991227343623,3.93040479195063,"H","Idegem Afwaarts DVW/Dender","04OW407-AFW-1073","MOW-HIC","DVW-ARW","0","Denderbekken","Alarm"
"405",91,"0193148042"," 4 januari 2024 07:02",NA,3,50.8111275277352,3.90102148601523,"H","Ophasselt/Molenbeek","01L07_28A","VMM","VMM","0","Denderbekken","Alarm"
"406",105,"0487883010"," 4 januari 2024 07:15",NA,3,50.9878407192888,3.52316848600373,"H","Deinze DVW/Afleidingskl Leie","04OW017-1073","MOW-HIC","DVW-ARW","0","Bekken Gentse kanalen","Alarm"
"407",134,"0487963010"," 4 januari 2024 07:00",NA,3,50.7695564802607,3.88066612268998,"H","Geraardsbergen Opwaarts/Dender","04den11e-1066","MOW-HIC","HIC","0","Denderbekken","Alarm"
"408",153,"0193220042"," 4 januari 2024 07:02",NA,3,51.2815357697617,5.49301159510721,"H","Achel/Warmbeek","01L11_024","VMM","VMM","0","Maasbekken","Alarm"
"409",161,"0193036042"," 4 januari 2024 07:02",NA,3,50.9958062151887,5.14775870087993,"H","Lummen/Zwartebeek","01L09_148","VMM","VMM","0","Demerbekken","Alarm"
"410",163,"0488275010"," 4 januari 2024 07:15",NA,3,50.8919853714162,4.08180537981682,"H","Teralfene Opwaarts DVW/Dender","04OW404-OPW-1073","MOW-HIC","DVW-ARW","0","Denderbekken","Alarm"
"411",169,"0193232042"," 4 januari 2024 07:02",NA,3,51.03256435,4.26339105,"H","Malderen/Grote Molenbeek","01L04_037","VMM","VMM","0","Beneden-Scheldebekken","Alarm"
"412",175,"0498832010"," 4 januari 2024 07:15",NA,3,51.0988745534231,4.01058599670862,"H","Lokeren Pompstation Afwaarts DVW/Durme","04OP005-AFW-1073","MOW-HIC","DVW-ARW","1","Beneden-Scheldebekken","Alarm"
"413",184,"0487879010"," 4 januari 2024 07:00",NA,3,50.981891874827,3.53357211241346,"H","Deinze/Leie","04lei03a-1066","MOW-HIC","HIC","1","Leiebekken","Alarm"
"414",208,"0193128042"," 4 januari 2024 07:02",NA,3,50.8887472223877,4.11626113416879,"H","Essene/Bellebeek","01L07_285","VMM","VMM","1","Denderbekken","Alarm"
"415",240,"04123917010"," 4 januari 2024 07:00",NA,3,51.0228116784593,2.61909850875118,"H","Houtem Afwaarts/Bergenvaart","04bgv03c-1066","MOW-HIC","HIC","0","Ijzerbekken","Alarm"
"416",247,"0193016042"," 4 januari 2024 07:02",NA,3,50.94335838649,4.74413397385208,"H","Wezemaal/Grote Losting","01L09_143","VMM","VMM","0","Demerbekken","Alarm"
"417",255,"0487887010"," 4 januari 2024 07:00",NA,3,50.9878959801345,3.52335264918976,"H","Deinze/Afleidingskl Leie","04akl08a-1066","MOW-HIC","HIC","0","Bekken Gentse kanalen","Alarm"
"418",276,"0488227010"," 4 januari 2024 07:15",NA,3,50.8296806275662,4.01043231255528,"H","Pollare Afwaarts DVW/Dender","04OW406-AFW-1073","MOW-HIC","DVW-ARW","1","Denderbekken","Alarm"
"419",281,"01122321042"," 4 januari 2024 07:02",NA,3,51.1482607642826,3.90272357445957,"H","Wachtebeke/Zuidlede","01S03_302","VMM","Polder Moervaart en Zuidlede","0","Bekken Gentse kanalen","Alarm"
"420",287,"0197896042"," 4 januari 2024 07:00",NA,3,50.9676756237952,4.61472358499743,"H","Wespelaar/Leibeek","01S08_11F","VMM","Provincie Vlaams-Brabant","","Dijlebekken","Alarm"
"421",325,"0193120042"," 4 januari 2024 07:02",NA,3,50.9233188986525,3.96689419479605,"H","Mere/Molenbeek","01L07_282","VMM","VMM","1","Denderbekken","Alarm"
"422",347,"0487911010"," 4 januari 2024 07:15",NA,3,50.8741669929589,4.07765162694445,"H","Denderleeuw Afwaarts DVW/Dender","04OW405-AFW-1073","MOW-HIC","DVW-ARW","0","Denderbekken","Alarm"
"423",361,"0193144042"," 4 januari 2024 07:02",NA,3,50.7413382591505,3.89185247571793,"H","Viane/Mark","01L07_289","VMM","VMM","0","Denderbekken","Alarm"
"424",384,"0488279010"," 4 januari 2024 07:15",NA,3,50.8924335196846,4.08126254388434,"H","Teralfene Afwaarts DVW/Dender","04OW404-AFW-1073","MOW-HIC","DVW-ARW","0","Denderbekken","Alarm"
